block_id,anchor_target_rho,lpips_alex,prediction_S0,prediction_S1,abs_error_S0,abs_error_S1,propagation_contribution,rank_y_within_rho,rank_c_within_rho
P2P_B000,0.1,0.0015383776044473052,0.002521473474049324,0.008867390160177492,0.0009830958696020187,0.007329012555730187,0.006345916686128168,108.0,298.0
P2P_B000,0.1,0.007612016052007675,0.009983376851745683,0.006017840110125128,0.002371360799738008,0.0015941759418825474,-0.003965536741620555,315.0,111.0
P2P_B000,0.1,0.005377751775085926,0.009321452949378861,0.007270507290688101,0.003943701174292935,0.001892755515602175,-0.00205094565869076,267.0,152.0
P2P_B000,0.1,1.6399060768890195e-05,-0.007181140827362195,0.0018431840786581055,0.007197539888131085,0.0018267850178892153,0.0090243249060203,11.0,328.0
P2P_B000,0.1,0.0010636919178068638,0.00827962417873205,0.009937790504109013,0.0072159322609251855,0.00887409858630215,0.001658166325376964,85.0,223.0
P2P_B000,0.1,0.0009239601786248386,0.0008653851541670643,0.00486592353522626,5.8575024457774294e-05,0.003941963356601422,0.004000538381059196,79.0,263.0
P2P_B000,0.1,0.005350463092327118,0.012112935235047709,0.004020525296509397,0.006762472142720591,0.0013299377958177205,-0.008092409938538311,264.0,72.0
P2P_B000,0.1,0.0006997757009230554,-0.00133483539913766,0.007486825689868838,0.0020346111000607153,0.006787049988945783,0.008821661089006498,67.0,324.0
P2P_B000,0.3,0.010322275571525097,0.020605134002646096,0.014861053256800281,0.010282858431120999,0.004538777685275185,-0.005744080745845814,237.0,113.0
P2P_B000,0.3,0.013020148500800133,0.019188448899691443,0.018176461919325627,0.00616830039889131,0.005156313418525495,-0.0010119869803658157,274.0,195.0
P2P_B000,0.3,0.006272577214986086,0.016107977824532632,0.001702244701486444,0.009835400609546546,0.004570332513499642,-0.014405733123046188,166.0,21.0
P2P_B000,0.3,2.1061001461930573e-05,-0.011618025378540009,-0.0006910451812271179,0.01163908638000194,0.0007121061826890485,0.010926980197312891,16.0,341.0
P2P_B000,0.3,0.00893134344369173,0.02086570983332911,0.007716317745840202,0.01193436638963738,0.001215025697851528,-0.013149392087488908,210.0,30.0
P2P_B000,0.3,0.029348131269216537,0.016654179498696707,0.030339569745118797,0.01269395177051983,0.0009914384759022593,0.01368539024642209,368.0,351.0
P2P_B000,0.3,0.0030073132365942,0.012115581903353066,0.016707581863356732,0.009108268666758866,0.013700268626762532,0.004591999960003666,96.0,261.0
P2P_B000,0.3,0.013783948495984077,0.012562871775789665,0.012916619081599176,0.0012210767201944125,0.0008673294143849014,0.00035374730580951114,284.0,209.0
P2P_B000,0.5,0.018545975908637047,0.030245216678642002,0.010908749736782901,0.011699240770004955,0.007637226171854146,-0.0193364669418591,149.0,51.0
P2P_B000,0.5,0.03047875687479973,0.053277779113711364,0.04036197392171767,0.022799022238911636,0.009883217046917941,-0.012915805191993694,226.0,113.0
P2P_B000,0.5,0.001015832182019949,0.00544172439151893,0.015348452585033978,0.004425892209498981,0.01433262040301403,0.009906728193515048,24.0,279.0
P2P_B000,0.5,0.05202452093362808,0.02752179083854652,0.024977221851244964,0.02450273009508156,0.027047299082383118,-0.002544568987301557,322.0,207.0
P2P_B000,0.5,0.060435205698013306,0.031624378330342866,0.07093304132085439,0.02881082736767044,0.010497835622841081,0.03930866299051152,341.0,361.0
P2P_B000,0.5,0.032503191381692886,0.03255201564432244,0.023166017086303677,4.882426262955292e-05,0.00933717429538921,-0.009385998558018763,237.0,144.0
P2P_B000,0.5,0.02701830305159092,0.037387807236462206,0.04567514144567595,0.010369504184871287,0.01865683839408503,0.008287334209213744,206.0,273.0
P2P_B000,0.5,0.014959837310016155,0.04127142724190682,0.012195489288425058,0.026311589931890665,0.0027643480215910968,-0.029075937953481762,121.0,6.0
P2P_B000,0.7,0.062202755361795425,0.09163033717984767,0.04485111279975745,0.029427581818052245,0.017351642562037972,-0.04677922438009022,183.0,55.0
P2P_B000,0.7,0.03764757141470909,0.07642240864914336,0.03099444219676531,0.03877483723443427,0.006653129217943782,-0.04542796645237805,89.0,59.0
P2P_B000,0.7,0.0708465576171875,0.07873609219094996,0.0730438411024609,0.007889534573762458,0.002197283485273399,-0.005692251088489059,212.0,196.0
P2P_B000,0.7,0.06237781047821045,0.078303779553118,0.051998754956456436,0.01592596907490755,0.010379055521754013,-0.026305024596661564,186.0,118.0
P2P_B000,0.7,0.10443688929080963,0.09370310773564496,0.11736811692748539,0.010733781555164676,0.012931227636675757,0.023665009191840433,284.0,276.0
P2P_B000,0.7,0.061498261988162994,0.08297016183412172,0.069530084902428,0.021471899845958722,0.008031822914265005,-0.013440076931693717,179.0,174.0
P2P_B000,0.7,0.041585683822631836,0.053372955726007316,0.035620953955596585,0.01178727190337548,0.005964729867035251,-0.01775200177041073,111.0,153.0
P2P_B000,0.7,0.007049716077744961,0.053372955726007316,-0.0012013249132296067,0.046323239648262356,0.008251040990974567,-0.05457428063923692,21.0,32.0
P2P_B000,0.9,0.22355197370052338,0.22250013349072953,0.20408231245506292,0.0010518402097938473,0.019469661245460457,-0.01841782103566661,213.0,146.0
P2P_B000,0.9,0.21308276057243347,0.214252459453467,0.20513934424834185,0.0011696988810335207,0.007943416324091623,-0.009113115205125144,202.0,169.0
P2P_B000,0.9,0.1977849155664444,0.2273955481419492,0.16885590677581436,0.02961063257550481,0.02892900879063004,-0.05853964136613485,177.0,89.0
P2P_B000,0.9,0.2119266241788864,0.22212930037166886,0.23287610355735464,0.01020267619278245,0.020949479378468222,0.010746803185685772,201.0,211.0
P2P_B000,0.9,0.26411008834838867,0.22025367594450407,0.26617071927129676,0.043856412403884604,0.002060630922908091,0.045917043326792695,274.0,264.0
P2P_B000,0.9,0.20160311460494995,0.22701808647788943,0.18958991530430397,0.02541497187293948,0.012013199300645983,-0.03742817117358546,181.0,114.0
P2P_B000,0.9,0.23595428466796875,0.2285293421911316,0.2291767233302676,0.007424942476837143,0.00677756133770116,0.0006473811391359829,237.0,191.0
P2P_B000,0.9,0.21131448447704315,0.21451901908457113,0.1831869526170903,0.0032045346075279812,0.028127531859952842,-0.031332066467480824,200.0,124.0
P2P_B001,0.1,0.00851565320044756,0.013959980148203203,0.009052628874446668,0.005444326947755644,0.0005369756739991086,-0.004907351273756536,330.0,99.0
P2P_B001,0.1,0.0028670032043009996,0.013478322449818537,0.01024892785033945,0.010611319245517538,0.00738192464603845,-0.003229394599479088,161.0,127.0
P2P_B001,0.1,0.008079341612756252,0.017801324715762207,0.0076043632803233785,0.009721983103005954,0.0004749783324328738,-0.010196961435438828,323.0,51.0
P2P_B001,0.1,0.008961633779108524,0.02417691015393922,0.009524333162327953,0.015215276374830694,0.0005626993832194283,-0.014652576991611266,336.0,22.0
P2P_B001,0.1,0.0013514291495084763,-0.010193130454196522,0.002594455840666157,0.011544559603704999,0.001243026691157681,0.01278758629486268,98.0,355.0
P2P_B001,0.1,0.0003001270815730095,0.0018179429034048539,0.007095338559909688,0.0015178158218318444,0.006795211478336678,0.005277395656504834,50.0,284.0
P2P_B001,0.1,0.0037387534976005554,0.01288956802782993,0.009590954185136662,0.009150814530229374,0.005852200687536106,-0.003298613842693268,206.0,124.0
P2P_B001,0.1,0.008951589465141296,0.0017410750749809606,0.0027679139994254004,0.007210514390160336,0.006183675465715896,0.0010268389244444398,335.0,211.0
P2P_B001,0.3,0.00785057246685028,0.004592879179449706,0.0068962985184497436,0.0032576932874005746,0.0009542739484005372,0.0023034193390000374,191.0,237.0
P2P_B001,0.3,0.0023058156948536634,0.0017905739931034642,0.0004599977502787733,0.0005152417017501992,0.0018458179445748901,-0.0013305762428246909,79.0,191.0
P2P_B001,0.3,0.0020094141364097595,0.0221924945655839,0.01040892771742341,0.02018308042917414,0.008399513581013651,-0.011783566848160489,70.0,40.0
P2P_B001,0.3,0.02055910974740982,0.004158465458799429,0.010358720941376437,0.01640064428861039,0.010200388806033384,0.006200255482577008,337.0,289.0
P2P_B001,0.3,0.010636123828589916,-0.002931365934232058,0.003325897257558358,0.013567489762821974,0.007310226571031558,0.006257263191790416,243.0,293.0
P2P_B001,0.3,0.01374670211225748,0.021000375300361807,0.016136722401878675,0.007253673188104326,0.0023900202896211947,-0.004863652898483131,283.0,129.0
P2P_B001,0.3,0.01743198372423649,0.0067607822556656205,0.014673347975532776,0.010671201468570868,0.0027586357487037125,0.007912565719867155,313.0,316.0
P2P_B001,0.3,0.02267184853553772,0.01793372938893977,0.0072382474196624885,0.004738119146597948,0.015433601115875231,-0.010695481969277283,347.0,49.0
P2P_B001,0.5,0.043288666754961014,0.03862854420601386,0.024365228596535067,0.004660122548947154,0.018923438158425947,-0.014263315609478792,288.0,103.0
P2P_B001,0.5,0.013418926857411861,0.035880053932582874,0.015523132024497434,0.022461127075171013,0.0021042051670855724,-0.02035692190808544,103.0,44.0
P2P_B001,0.5,0.05440359562635422,0.01082814333269496,0.05506459015710624,0.04357545229365926,0.0006609945307520237,0.04423644682441128,327.0,369.0
P2P_B001,0.5,0.08489742130041122,0.03919634180084649,0.04978515737563742,0.045701079499564735,0.035112263924773804,0.010588815574790932,372.0,283.0
P2P_B001,0.5,0.015325714834034443,0.04484761059377729,0.016195431704239295,0.029521895759742844,0.0008697168702048522,-0.028652178889537992,126.0,7.0
P2P_B001,0.5,0.025730062276124954,0.03589083786269395,0.017136097922762335,0.010160775586568999,0.00859396435336262,-0.018754739939931618,199.0,55.0
P2P_B001,0.5,0.08223266154527664,0.03147921541444151,0.04666733831329999,0.050753446130835135,0.03556532323197665,0.015188122898858486,367.0,309.0
P2P_B001,0.5,0.013521434739232063,0.04412581435848559,0.02061082319972607,0.030604379619253524,0.007089388460494006,-0.02351499115875952,105.0,25.0
P2P_B001,0.7,0.20663237571716309,0.0915988650639978,0.12861809013171288,0.11503351065316529,0.0780142855854502,0.037019225067715086,376.0,310.0
P2P_B001,0.7,0.05185731127858162,0.08504674865810029,0.06922384352719549,0.03318943737951867,0.01736653224861387,-0.0158229051309048,146.0,164.0
P2P_B001,0.7,0.10573755204677582,0.08144576666797611,0.097164543084755,0.02429178537879971,0.008573008962020817,0.015718776416778893,287.0,261.0
P2P_B001,0.7,0.10755084455013275,0.0672858860280567,0.1249127884357146,0.04026495852207605,0.01736194388558185,0.0576269024076579,291.0,344.0
P2P_B001,0.7,0.10842578113079071,0.09156358534145789,0.10378087172009476,0.016862195789332818,0.004644909410695952,0.012217286378636866,295.0,252.0
P2P_B001,0.7,0.2067132145166397,0.07782368535168427,0.18736917088152039,0.12888952916495544,0.019344043635119323,0.10954548552983612,377.0,380.0
P2P_B001,0.7,0.11948353052139282,0.09011549309309015,0.09854604426890497,0.02936803742830267,0.020937486252487855,0.008430551175814816,314.0,241.0
P2P_B001,0.7,0.12099004536867142,0.08452565345041543,0.11854760659048358,0.036464391918255984,0.0024424387781878387,0.034021953140068145,318.0,304.0
P2P_B001,0.9,0.25216397643089294,0.2272792359482131,0.2918550543724666,0.024884740482679857,0.03969107794157367,0.06457581842425353,253.0,300.0
P2P_B001,0.9,0.04527108371257782,0.2175189306100615,0.06287520664403468,0.17224784689748368,0.017604122931456856,-0.15464372396602682,15.0,19.0
P2P_B001,0.9,0.1573038101196289,0.2134299513975177,0.1087120665840898,0.056126141277888786,0.048591743535539106,-0.10471788481342789,109.0,40.0
P2P_B001,0.9,0.23993176221847534,0.2201009242601104,0.2975699814976099,0.019830837958364933,0.05763821927913454,0.07746905723749947,241.0,320.0
P2P_B001,0.9,0.2669439911842346,0.203261262932386,0.2941417995982715,0.06368272825184862,0.027197808414036906,0.09088053666588553,277.0,333.0
P2P_B001,0.9,0.1630856841802597,0.21484419695550322,0.2091300789787673,0.051758512775243515,0.04604439479850758,-0.005714117976735933,119.0,177.0
P2P_B001,0.9,0.1044779121875763,0.21074709909176165,0.15481749608219036,0.10626918690418535,0.05033958389461407,-0.05592960300957128,50.0,93.0
P2P_B001,0.9,0.1469825953245163,0.21080978556409946,0.1459971995299336,0.06382719023958316,0.0009853957945827052,-0.06481258603416587,97.0,80.0
P2P_B002,0.1,0.011315176263451576,0.005263478188343114,0.004008151221557142,0.006051698075108462,0.007307025041894434,-0.0012553269667859718,354.0,170.0
P2P_B002,0.1,0.0008315268205478787,-0.0018186251499906075,0.007326535548627944,0.0026501519705384863,0.006495008728080065,0.009145160698618551,73.0,331.0
P2P_B002,0.1,0.003655565669760108,-0.0010895622632751123,-0.0028019977336611324,0.00474512793303522,0.00645756340342124,-0.00171243547038602,203.0,157.0
P2P_B002,0.1,0.013331037014722824,0.010250756031710662,0.0020921886645039467,0.0030802809830121625,0.011238848350218877,-0.008158567367206715,366.0,70.0
P2P_B002,0.1,0.0029457611963152885,0.013917806308506656,0.012432707841373791,0.010972045112191367,0.009486946645058503,-0.0014850984671328643,166.0,164.0
P2P_B002,0.1,0.007557057775557041,0.003052644333008628,-0.004493972118991996,0.004504413442548413,0.012051029894549037,-0.0075466164520006235,313.0,76.0
P2P_B002,0.1,0.014214975759387016,0.011309489500683167,0.0013633251043973227,0.002905486258703849,0.012851650654989694,-0.009946164396285845,371.0,56.0
P2P_B002,0.1,0.0044173928909003735,0.0031045353281478477,-0.003023206664725206,0.0013128575627525257,0.007440599555625579,-0.006127741992873054,237.0,83.0
P2P_B002,0.3,0.019834289327263832,0.012028962036899453,0.017380528021833562,0.007805327290364379,0.00245376130543027,0.005351565984934109,333.0,278.0
P2P_B002,0.3,0.012796558439731598,-0.0005827005236280075,0.006596527800201993,0.013379258963359605,0.006200030639529605,0.00717922832383,272.0,300.0
P2P_B002,0.3,0.010777854360640049,0.008678750371188988,0.006725210381632998,0.0020991039894510607,0.004052643979007051,-0.00195353998955599,247.0,179.0
P2P_B002,0.3,0.0026245154440402985,0.009349512420751771,0.007831553488845823,0.0067249969767114726,0.0052070380448055245,-0.001517958931905948,89.0,184.0
P2P_B002,0.3,0.00039878327515907586,-0.0029959555361077084,-0.0009602271235406162,0.0033947388112667842,0.001359010398699692,0.002035728412567092,33.0,232.0
P2P_B002,0.3,0.00723370723426342,0.011318681155481632,-1.7649297737731828e-06,0.0040849739212182115,0.007235472164037193,-0.011320446085255405,180.0,44.0
P2P_B002,0.3,0.005689253564924002,-0.001464533353954231,-0.0052513169539823296,0.007153786918878233,0.010940570518906331,-0.0037867836000280986,154.0,150.0
P2P_B002,0.3,0.011873212642967701,0.018047484072941357,-0.0007562275435002291,0.006174271429973656,0.01262944018646793,-0.018803711616441586,263.0,5.0
P2P_B002,0.5,0.05508580431342125,0.03248370897892277,0.04817054840940299,0.02260209533449848,0.006915255904018258,0.015686839430480222,328.0,310.0
P2P_B002,0.5,0.07874055951833725,0.04522097236150528,0.10258591307290536,0.03351958715683197,0.023845353554568113,0.05736494071140008,364.0,383.0
P2P_B002,0.5,0.02743087336421013,0.03928371255449835,0.01921848678016022,0.01185283919028822,0.008212386584049908,-0.020065225774338127,208.0,45.0
P2P_B002,0.5,0.03781026229262352,0.012540815053615963,0.022557972175009856,0.025269447239007557,0.015252290117613664,0.010017157121393894,267.0,280.0
P2P_B002,0.5,0.01796884834766388,0.02115503288084241,0.018948515462018527,0.0031861845331785307,0.0009796671143546473,-0.0022065174188238834,144.0,210.0
P2P_B002,0.5,0.04849322512745857,0.026459869083091454,0.022915044141957934,0.022033356044367118,0.02557818098550064,-0.0035448249411335203,309.0,198.0
P2P_B002,0.5,0.05004289001226425,0.0318801214252248,0.05384242261718384,0.018162768587039455,0.003799532604919588,0.021962301191959042,314.0,334.0
P2P_B002,0.5,0.021744418889284134,0.032890305881606026,0.021944598710055024,0.011145886992321892,0.00020017982077089047,-0.010945707171551002,174.0,131.0
P2P_B002,0.7,0.18910856544971466,0.07812954284091052,0.15868354840376594,0.11097902260880414,0.030425017045948716,0.08055400556285543,371.0,363.0
P2P_B002,0.7,0.04711635410785675,0.08551103816112551,0.036756211820679494,0.03839468405326876,0.010360142287177257,-0.04875482634044602,131.0,46.0
P2P_B002,0.7,0.10310711711645126,0.08959984836433568,0.08459103202442406,0.013507268752115581,0.018516085092027207,-0.005008816339911626,283.0,198.0
P2P_B002,0.7,0.07509475946426392,0.0891900264110875,0.06860731445575922,0.014095266946823587,0.006487445008504691,-0.02058271195532828,222.0,138.0
P2P_B002,0.7,0.09308299422264099,0.09102517107818411,0.05025111265630525,0.0020578231444568773,0.042831881566335744,-0.04077405842187887,265.0,75.0
P2P_B002,0.7,0.0841728150844574,0.07780458895023516,0.04098820342117131,0.006368226134222235,0.04318461166328609,-0.036816385529063855,239.0,82.0
P2P_B002,0.7,0.07472766935825348,0.08560177867919772,0.07928456297085801,0.010874109320944236,0.004556893612604529,-0.006317215708339707,220.0,195.0
P2P_B002,0.7,0.061700038611888885,0.08165241353888518,0.03959714093014195,0.019952374926996294,0.022102897681746933,-0.04205527260874323,181.0,70.0
P2P_B002,0.9,0.3141290247440338,0.2213066669782044,0.3018656385319022,0.09282235776582942,0.012263386212131633,0.08055897155369779,328.0,325.0
P2P_B002,0.9,0.33279284834861755,0.22629734112210398,0.3061762466510391,0.10649550722651357,0.026616601697578457,0.07987890552893512,341.0,324.0
P2P_B002,0.9,0.2869632840156555,0.20310293951475195,0.2414830923247247,0.08386034450090357,0.045480191690930816,0.038380152809972756,298.0,253.0
P2P_B002,0.9,0.2825027108192444,0.21508993021830347,0.2749361838090404,0.06741278060094091,0.007566527010203994,0.05984625359073692,289.0,292.0
P2P_B002,0.9,0.3083063066005707,0.20980767827007307,0.2550542873286404,0.0984986283304976,0.053252019271930295,0.04524660905856731,320.0,262.0
P2P_B002,0.9,0.412336140871048,0.20365037514920364,0.31449537634361213,0.20868576572184433,0.09784076452743584,0.11084500119440849,371.0,353.0
P2P_B002,0.9,0.32432132959365845,0.22451942264211144,0.2636638725786741,0.099801906951547,0.06065745701498437,0.03914444993656263,336.0,254.0
P2P_B002,0.9,0.23193201422691345,0.21099438338568394,0.2398327334542174,0.020937630841229515,0.007900719227303954,0.02883835006853347,228.0,236.0
P2P_B003,0.1,0.009398860856890678,0.0025254472661887656,0.0020204701317933504,0.006873413590701913,0.007378390725097328,-0.0005049771343954151,344.0,182.0
P2P_B003,0.1,0.009938271716237068,-0.0032418611444908346,0.0034207555294622077,0.013180132860727903,0.0065175161867748604,0.006662616673953042,349.0,305.0
P2P_B003,0.1,0.003581555327400565,0.02000775428231623,0.006525698371821077,0.016426198954915663,0.002944143044420512,-0.013482055910495151,201.0,27.0
P2P_B003,0.1,0.0018823568243533373,-0.007863715141302796,-4.292878372660902e-05,0.009746071965656133,0.0019252856080799463,0.007820786357576187,124.0,314.0
P2P_B003,0.1,0.007686247583478689,0.022772851128502095,-0.003870832412726982,0.015086603545023405,0.011557079996205671,-0.026643683541229077,318.0,3.0
P2P_B003,0.1,4.469327177503146e-05,-0.019412724843286808,-0.006467159689076352,0.01945741811506184,0.006511852960851383,0.012945565154210456,16.0,357.0
P2P_B003,0.1,0.0032977138180285692,-0.005605211517515529,0.0043876907682843524,0.008902925335544098,0.0010899769502557832,0.009992902285799882,186.0,337.0
P2P_B003,0.1,0.004324621520936489,0.02451380333284251,0.004997263250851099,0.020189181811906022,0.0006726417299146095,-0.019516540081991413,231.0,10.0
P2P_B003,0.3,0.018464211374521255,-0.003355036977898504,0.01682918533909089,0.02181924835241976,0.0016350260354303647,0.020184222316989395,319.0,368.0
P2P_B003,0.3,0.0009248312562704086,0.003125149339726088,-0.0012563321769057667,0.0022003180834556796,0.0021811634331761753,-0.004381481516631855,45.0,137.0
P2P_B003,0.3,0.0133968535810709,0.006489028687768274,0.011697778121312653,0.006907824893302626,0.0016990754597582466,0.00520874943354438,278.0,274.0
P2P_B003,0.3,0.008271736092865467,0.009541886193165927,0.005431650230692281,0.00127015010030046,0.002840085862173186,-0.004110235962473646,197.0,141.0
P2P_B003,0.3,0.014987662434577942,0.017588978493120168,0.02754423933940206,0.002601316058542226,0.012556576904824118,0.009955260846281892,293.0,336.0
P2P_B003,0.3,0.00030289377900771797,0.0004741099955089395,-0.0020634392693013176,0.00017121621650122154,0.0023663330483090356,-0.002537549264810257,31.0,170.0
P2P_B003,0.3,0.0032464999239891768,0.017787501001818105,0.005684160226476075,0.014541001077828929,0.002437660302486898,-0.01210334077534203,99.0,37.0
P2P_B003,0.3,0.006713150069117546,0.00034745951901768435,0.005598905083946566,0.006365690550099862,0.0011142449851709799,0.005251445564928882,171.0,277.0
P2P_B003,0.5,0.0490158349275589,0.046226683608329655,0.06191909829993732,0.002789151319229244,0.012903263372378418,0.015692414691607662,311.0,311.0
P2P_B003,0.5,0.03998611494898796,0.027799724340591338,0.05577861148673034,0.012186390608396623,0.01579249653774238,0.027978887146139005,276.0,348.0
P2P_B003,0.5,0.006872653961181641,0.0333871577993056,0.016586030105487946,0.02651450383812396,0.009713376144306306,-0.016801127693817655,57.0,67.0
P2P_B003,0.5,0.022614244371652603,0.03772813430444512,0.02206284735717115,0.015113889932792515,0.0005513970144814528,-0.015665286947273968,180.0,78.0
P2P_B003,0.5,0.00311435223557055,0.0284814938826636,0.015184583614168377,0.02536714164709305,0.012070231378597827,-0.013296910268495221,39.0,112.0
P2P_B003,0.5,0.05582346022129059,0.03851658778597926,0.05598062373871695,0.01730687243531133,0.00015716351742636053,0.01746403595273769,329.0,317.0
P2P_B003,0.5,0.06659742444753647,0.020330063811534675,0.06716537102722074,0.04626736063600179,0.0005679465796842725,0.046835307215686066,353.0,373.0
P2P_B003,0.5,0.03971252962946892,0.026091901296349793,0.049778776732779854,0.013620628333119125,0.010066247103310937,0.023686875436430062,275.0,338.0
P2P_B003,0.7,0.10503029823303223,0.07713606586983213,0.10594826041367489,0.0278942323632001,0.0009179621806426619,0.028812194543842762,285.0,290.0
P2P_B003,0.7,0.047429777681827545,0.06929134300310462,0.07010055407542402,0.021861565321277074,0.02267077639359648,0.0008092110723194046,133.0,219.0
P2P_B003,0.7,0.04813132807612419,0.06592477023003937,0.03196786934126424,0.01779344215391518,0.01616345873485995,-0.03395690088877513,136.0,93.0
P2P_B003,0.7,0.0907244011759758,0.08269715851201578,0.09259505809350105,0.008027242663960016,0.0018706569175252485,0.009897899581485264,261.0,245.0
P2P_B003,0.7,0.12287423014640808,0.09293215196660191,0.11263029537812727,0.029942078179806167,0.01024393476828081,0.019698143411525357,323.0,270.0
P2P_B003,0.7,0.0003121683548670262,0.056785903095077424,0.011351835988911214,0.0564737347402104,0.011039667634044188,-0.04543406710616621,10.0,58.0
P2P_B003,0.7,0.06172817945480347,0.07713922830089064,0.04202942474891517,0.01541104884608717,0.019698754705888298,-0.03510980355197547,182.0,88.0
P2P_B003,0.7,0.04335400089621544,0.07338667656046756,0.06350033297100553,0.03003267566425212,0.020146332074790094,-0.009886343589462027,117.0,184.0
P2P_B003,0.9,0.2555273175239563,0.2127069756285125,0.25020896169870144,0.042820341895443786,0.005318355825254861,0.037501986070188925,259.0,251.0
P2P_B003,0.9,0.12121996283531189,0.21741134659556188,0.11106705181198248,0.09619138376025,0.010152911023329408,-0.1063442947835794,66.0,39.0
P2P_B003,0.9,0.12951266765594482,0.21524153750128597,0.08048900386078975,0.08572886984534114,0.049023663795155076,-0.13475253364049622,75.0,29.0
P2P_B003,0.9,0.11471868306398392,0.22586078463228143,0.07510550963071673,0.11114210156829751,0.03961317343326719,-0.15075527500156471,58.0,21.0
P2P_B003,0.9,0.17709112167358398,0.22415754369682225,0.12709262586314757,0.04706642202323827,0.049998495810436416,-0.09706491783367469,141.0,50.0
P2P_B003,0.9,0.17898572981357574,0.21505257383675652,0.1781576514383586,0.03606684402318078,0.000828078375217145,-0.03689492239839792,146.0,115.0
P2P_B003,0.9,0.153354674577713,0.21155176495322475,0.10806730058441093,0.05819709037551174,0.045287373993302085,-0.10348446436881382,104.0,41.0
P2P_B003,0.9,0.21373482048511505,0.23593806683671154,0.2510596981289864,0.022203246351596484,0.037324877643871324,0.01512163129227484,203.0,221.0
P2P_B004,0.1,0.003663646522909403,-0.0027407609714969056,-0.005102523563233055,0.006404407494406308,0.008766170086142458,-0.0023617625917361496,204.0,143.0
P2P_B004,0.1,0.000139539159135893,-0.0033383796829812296,0.0033137760376581588,0.0034779188421171225,0.0031742368785222658,0.006652155720639388,31.0,304.0
P2P_B004,0.1,0.00013743076124228537,-0.01023218905590259,0.003234638547941801,0.010369619817144876,0.0030972077866995157,0.013466827603844392,30.0,362.0
P2P_B004,0.1,0.007213197182863951,-0.01018820745724118,-0.011489551780235127,0.01740140464010513,0.018702748963099078,-0.001301344322993947,308.0,169.0
P2P_B004,0.1,0.007673509418964386,0.021581627681712123,-0.00235938208048507,0.013908118262747737,0.010032891499449456,-0.023941009762197193,317.0,5.0
P2P_B004,0.1,0.007870947942137718,0.01590758446493907,0.0008715938329613704,0.00803663652280135,0.006999354109176348,-0.015035990631977698,319.0,19.0
P2P_B004,0.1,0.0020755354780703783,-0.003795205580862812,-6.021917576500002e-05,0.00587074105893319,0.0021357546538353783,0.003734986405097812,132.0,259.0
P2P_B004,0.1,0.004323821049183607,0.015817616087474805,0.006413891822815508,0.011493795038291198,0.002090070773631901,-0.009403724264659297,230.0,60.0
P2P_B004,0.3,0.015537407249212265,-0.0016986046666474935,0.021811825138101898,0.01723601191585976,0.006274417888889633,0.02351042980474939,301.0,377.0
P2P_B004,0.3,0.007197508588433266,-0.005790875081344002,0.002030079093976775,0.012988383669777268,0.005167429494456491,0.007820954175320777,178.0,312.0
P2P_B004,0.3,0.00294858799315989,0.0009144660566191981,0.0027055330394977484,0.002034121936540692,0.0002430549536621418,0.0017910669828785503,94.0,227.0
P2P_B004,0.3,0.02304355800151825,0.013652075243693336,0.03544331514409975,0.009391482757824914,0.0123997571425815,0.021791239900406413,349.0,372.0
P2P_B004,0.3,0.0010584904812276363,-0.0064989730392834705,0.0060689231556029025,0.007557463520511107,0.005010432674375266,0.012567896194886373,49.0,345.0
P2P_B004,0.3,0.022254452109336853,0.022511855321411908,0.034818444207551875,0.00025740321207505523,0.012563992098215022,0.012306588886139967,344.0,344.0
P2P_B004,0.3,0.009445448406040668,0.012006644748091065,0.017651507797241055,0.0025611963420503966,0.008206059391200386,0.00564486304914999,218.0,283.0
P2P_B004,0.3,0.002990041859447956,0.00636145702084822,0.00213158585019646,0.003371415161400264,0.0008584560092514959,-0.00422987117065176,95.0,140.0
P2P_B004,0.5,0.019764369353652,0.04010167891591647,0.030791406598678794,0.02033730956226447,0.011027037245026794,-0.009310272317237675,155.0,146.0
P2P_B004,0.5,0.0109788216650486,0.05196142479989139,0.037495053727125235,0.04098260313484279,0.026516232062076636,-0.014466371072766153,87.0,99.0
P2P_B004,0.5,0.007443062961101532,0.020198797590680072,0.016730844119906205,0.01275573462957854,0.009287781158804673,-0.003467953470773867,64.0,199.0
P2P_B004,0.5,0.0259354617446661,0.045509289136577195,0.09073765983529128,0.019573827391911096,0.06480219809062518,0.045228370698714083,200.0,371.0
P2P_B004,0.5,0.00044647499453276396,0.03333993356311235,0.010677592816329455,0.03289345856857959,0.010231117821796691,-0.022662340746782896,20.0,32.0
P2P_B004,0.5,0.022213658317923546,0.028890144807709663,0.01604629057313138,0.006676486489786117,0.006167367744792165,-0.012843854234578282,176.0,114.0
P2P_B004,0.5,0.012122547253966331,0.02857597106136374,0.015068485904830571,0.016453423807397408,0.0029459386508642396,-0.013507485156533168,93.0,110.0
P2P_B004,0.5,0.01665009930729866,0.041171659595086535,0.04122023373828183,0.024521560287787875,0.024570134430983173,4.8574143195298514e-05,133.0,226.0
P2P_B004,0.7,0.04448110982775688,0.08168093568265607,0.09765137847439881,0.037199825854899185,0.05317026864664193,0.015970442791742742,122.0,262.0
P2P_B004,0.7,0.03677457943558693,0.08580211002397296,0.05016729313408138,0.049027530588386034,0.01339271369849445,-0.035634816889891584,85.0,85.0
P2P_B004,0.7,0.04365793988108635,0.07842339649337327,0.04393675491291739,0.034765456612286916,0.0002788150318310395,-0.034486641580455876,118.0,91.0
P2P_B004,0.7,0.06978874653577805,0.09210148262447514,0.10659217544659229,0.02231273608869709,0.03680342891081424,0.014490692822117152,208.0,258.0
P2P_B004,0.7,0.030342672020196915,0.07825413487426229,0.0414723054351615,0.047911462854065376,0.011129633414964583,-0.03678182943910079,67.0,83.0
P2P_B004,0.7,0.06287290155887604,0.07863693679970367,0.10422178057792875,0.01576403524082763,0.04134887901905271,0.025584843778225078,188.0,284.0
P2P_B004,0.7,0.08304839581251144,0.06791098277647355,0.1494179916655951,0.015137413036037897,0.06636959585308366,0.08150700888912156,237.0,364.0
P2P_B004,0.7,0.07208926230669022,0.067382006685253,0.0792491338642382,0.004707255621437215,0.007159871557547978,0.011867127178985193,216.0,249.0
P2P_B004,0.9,0.1586167812347412,0.21237860039039363,0.18958181456406403,0.053761819155652424,0.030965033329322822,-0.022796785826329602,112.0,140.0
P2P_B004,0.9,0.1499108225107193,0.204309685731206,0.1837603633955638,0.054398863220486704,0.033849540884844515,-0.02054932233564219,101.0,145.0
P2P_B004,0.9,0.1275525987148285,0.2101748025090246,0.13857401743632586,0.0826222037941961,0.011021418721497367,-0.07160078507269874,74.0,74.0
P2P_B004,0.9,0.17844466865062714,0.21227703370605974,0.2698193257197091,0.033832365055432606,0.09137465706908199,0.05754229201364938,145.0,288.0
P2P_B004,0.9,0.09687139093875885,0.2067621739608436,0.1170434968804837,0.10989078302208474,0.020172105941724847,-0.0897186770803599,40.0,55.0
P2P_B004,0.9,0.22982588410377502,0.23641176461815672,0.35321226206792145,0.006585880514381692,0.12338637796414642,0.11680049744976473,223.0,360.0
P2P_B004,0.9,0.1812540888786316,0.2318541555235649,0.23131617810454003,0.0506000666449333,0.050062089225908435,-0.0005379774190248654,150.0,189.0
P2P_B004,0.9,0.21733954548835754,0.22738873151734668,0.3162799349414538,0.010049186028989132,0.09894038945309624,0.08889120342410711,209.0,331.0
P2P_B005,0.1,0.00022934125445317477,-0.0008254573834763218,0.005458543007487424,0.0010547986379294966,0.005229201753034249,0.006284000390963745,40.0,296.0
P2P_B005,0.1,0.0023795661982148886,0.0006958546383491748,0.006128859323126054,0.0016837115598657137,0.0037492931249111655,0.005433004684776879,145.0,287.0
P2P_B005,0.1,6.50843430776149e-05,0.004724517789263694,0.007924571470128733,0.004659433446186079,0.007859487127051118,0.0032000536808650393,19.0,254.0
P2P_B005,0.1,0.006951574236154556,0.013387442474586397,0.00508350310008715,0.006435868238431841,0.0018680711360674063,-0.008303939374499247,305.0,67.0
P2P_B005,0.1,0.0006526487995870411,0.003812725743540968,0.006873435825227189,0.0031600769439539267,0.006220787025640148,0.0030607100816862215,63.0,252.0
P2P_B005,0.1,0.0022981760557740927,0.0037006257667777515,0.006617274985515738,0.0014024497110036588,0.004319098929741645,0.0029166492187379864,142.0,249.0
P2P_B005,0.1,5.165596667211503e-05,-0.006000719738377069,-0.0002165016850223661,0.006052375705049184,0.00026815765169448114,0.005784218053354703,17.0,290.0
P2P_B005,0.1,0.000759267364628613,0.009073925003502459,0.005762029192550477,0.008314657638873846,0.005002761827921864,-0.0033118958109519814,71.0,121.0
P2P_B005,0.3,0.0014026244170963764,0.0027597877274756905,-0.0006417543843602463,0.001357163310379314,0.0020443788014566228,-0.003401542111835937,57.0,155.0
P2P_B005,0.3,4.174044079263695e-06,-0.0061556665193784055,0.002365709933879856,0.006159840563457669,0.0023615358898005923,0.008521376453258261,8.0,322.0
P2P_B005,0.3,0.0098305344581604,0.01093946837942885,0.0012713180315848394,0.0011089339212684499,0.008559216426575561,-0.009668150347844011,230.0,60.0
P2P_B005,0.3,5.898916697333334e-06,-0.011984940668548522,0.002821501379520114,0.011990839585245855,0.0028156024628227805,0.014806442048068635,11.0,353.0
P2P_B005,0.3,0.0020968164317309856,0.02110260624585933,0.01616344242917129,0.019005789814128343,0.014066625997440303,-0.00493916381668804,74.0,125.0
P2P_B005,0.3,0.0020482076797634363,0.012303275653242761,0.0017918594973890117,0.010255067973479325,0.0002563481823744246,-0.01051141615585375,71.0,52.0
P2P_B005,0.3,0.0010622036643326283,0.0014999036782034347,0.012292776195008105,0.0004377000138708065,0.011230572530675477,0.01079287251680467,50.0,338.0
P2P_B005,0.3,0.0036396908108145,0.02262119849736203,0.01353931055287265,0.01898150768654753,0.00989961974205815,-0.00908188794448938,107.0,63.0
P2P_B005,0.5,0.00558049650862813,0.014567545692136995,0.015684516506104168,0.008987049183508865,0.010104019997476038,0.0011169708139671733,53.0,237.0
P2P_B005,0.5,0.051346901804208755,0.037225349569073196,0.03994583547935349,0.01412155223513556,0.011401066324855262,0.0027204859102802972,320.0,251.0
P2P_B005,0.5,0.033611878752708435,0.02505395351181572,0.03783006455084438,0.008557925240892716,0.0042181857981359455,0.012776111039028662,245.0,299.0
P2P_B005,0.5,0.029207048937678337,0.019319459135865004,-0.00036035591664418387,0.009887589801813333,0.02956740485432252,-0.019679815052509188,213.0,47.0
P2P_B005,0.5,0.00017209906945936382,0.03283462879782529,0.013832687555169441,0.032662529728365926,0.013660588485710078,-0.019001941242655848,14.0,53.0
P2P_B005,0.5,0.014710566028952599,0.020544724466225787,0.0397195399126329,0.005834158437273189,0.0250089738836803,0.01917481544640711,117.0,322.0
P2P_B005,0.5,0.00019059397163800895,0.025081781386844533,0.006914534544562458,0.024891187415206524,0.006723940572924449,-0.018167246842282075,15.0,57.0
P2P_B005,0.5,0.01802580989897251,0.021827040188691645,0.019383352519151527,0.0038012302897191333,0.0013575426201790156,-0.0024436876695401177,145.0,208.0
P2P_B005,0.7,0.043029677122831345,0.08107259527223158,0.06968864630116983,0.03804291814940024,0.026658969178338487,-0.01138394897106175,116.0,180.0
P2P_B005,0.7,0.06399082392454147,0.07431394759897737,0.07347837803069604,0.0103231236744359,0.009487554106154567,-0.000835569568281333,192.0,212.0
P2P_B005,0.7,0.02189674973487854,0.05525981552988784,0.029590751299223825,0.0333630657950093,0.007694001564345285,-0.025669064230664014,46.0,122.0
P2P_B005,0.7,3.2680905860615894e-05,0.0715697515967501,0.0075612595227460555,0.07153707069088948,0.00752857861688544,-0.06400849207400404,6.0,10.0
P2P_B005,0.7,0.032431721687316895,0.06944009507801385,0.05022420229084011,0.03700837339069696,0.017792480603523217,-0.01921589278717374,70.0,148.0
P2P_B005,0.7,0.06906162202358246,0.07494119435833377,0.10396996243220988,0.00587957233475131,0.03490834040862742,0.02902876807387611,202.0,291.0
P2P_B005,0.7,0.0352516770362854,0.06745250789356624,0.06075731924780441,0.03220083085728084,0.025505642211519013,-0.006695188645761831,78.0,193.0
P2P_B005,0.7,0.0280850101262331,0.08055209993478615,0.0516099270969705,0.05246708980855305,0.0235249169707374,-0.028942172837815652,59.0,112.0
P2P_B005,0.9,0.10057283192873001,0.21547112868618806,0.20986424810945548,0.11489829675745805,0.10929141618072546,-0.005606880576732587,45.0,178.0
P2P_B005,0.9,0.18245597183704376,0.2148921632330389,0.25790238300639945,0.03243619139599513,0.07544641116935569,0.04301021977336056,153.0,258.0
P2P_B005,0.9,0.18881620466709137,0.21756516464766035,0.25499844464037946,0.028748959980568978,0.06618223997328809,0.037433279992719115,163.0,250.0
P2P_B005,0.9,0.05451319366693497,0.2105575247819092,0.13207868265090095,0.15604433111497423,0.07756548898396598,-0.07847884213100825,18.0,64.0
P2P_B005,0.9,0.05534442886710167,0.20621058352334548,0.11109490081804785,0.1508661546562438,0.05575047195094618,-0.09511568270529763,20.0,52.0
P2P_B005,0.9,0.09788194298744202,0.2083312391854864,0.10675270874242763,0.11044929619804439,0.008870765754985618,-0.10157853044305877,41.0,45.0
P2P_B005,0.9,0.10791368782520294,0.20982763885518407,0.13832407091565996,0.10191395102998113,0.030410383090457016,-0.07150356793952412,54.0,75.0
P2P_B005,0.9,0.16357804834842682,0.21116968877806247,0.19477287004219307,0.04759164042963565,0.03119482169376625,-0.0163968187358694,120.0,155.0
P2P_B006,0.1,0.0031794782262295485,0.006161485963130972,0.004547127302393421,0.0029820077369014236,0.0013676490761638724,-0.0016143586607375512,177.0,161.0
P2P_B006,0.1,0.00790769699960947,0.01626754689432012,0.007699240981417388,0.008359849894710648,0.00020845601819208248,-0.00856830591290273,320.0,65.0
P2P_B006,0.1,0.01831921562552452,0.01251220249250106,0.006981415020545771,0.00580701313302346,0.01133780060497875,-0.00553078747195529,380.0,91.0
P2P_B006,0.1,0.008480376563966274,0.009556056046459004,0.008025187292184648,0.0010756794824927293,0.00045518927178162666,-0.001530868754274356,329.0,163.0
P2P_B006,0.1,0.0034581481013447046,0.021200190769405172,0.009516905015415002,0.017742042668060468,0.006058756914070297,-0.01168328575399017,197.0,39.0
P2P_B006,0.1,0.007216516882181168,0.00602765990131595,0.002883572704875839,0.0011888569808652175,0.0043329441773053284,-0.003144087196440111,309.0,131.0
P2P_B006,0.1,0.008474268019199371,0.005806383105107907,0.006910036593008921,0.0026678849140914646,0.0015642314261904502,0.0011036534879010143,328.0,214.0
P2P_B006,0.1,0.004182080738246441,0.006314547804773543,0.002385263952238925,0.0021324670665271023,0.0017968167860075157,-0.003929283852534618,223.0,112.0
P2P_B006,0.3,0.012190415523946285,0.020938953844938844,0.010788149472860498,0.008748538320992559,0.0014022660510857876,-0.010150804372078347,265.0,56.0
P2P_B006,0.3,0.035548292100429535,0.016169068530113295,0.022559874356054443,0.01937922357031624,0.012988417744375091,0.006390805825941148,374.0,294.0
P2P_B006,0.3,0.02691115066409111,0.008966856323322447,0.0164693592130467,0.017944294340768663,0.010441791451044409,0.007502502889724254,361.0,305.0
P2P_B006,0.3,0.019022192806005478,0.006415155023427467,0.004942075784013983,0.01260703778257801,0.014080117021991495,-0.0014730792394134842,324.0,188.0
P2P_B006,0.3,0.005711013916879892,0.012730501509479672,0.007253416147909517,0.00701948759259978,0.0015424022310296243,-0.005477085361570155,155.0,116.0
P2P_B006,0.3,0.0041739121079444885,0.012622184858799214,0.004326522637829268,0.008448272750854725,0.00015261052988477936,-0.008295662220969946,118.0,74.0
P2P_B006,0.3,0.007049673702567816,0.02207282208366907,0.007240155841935499,0.015023148381101255,0.00019048213936768282,-0.014832666241733572,175.0,18.0
P2P_B006,0.3,0.019672349095344543,0.014611771004251074,0.004959777177494115,0.005060578091093469,0.014712571917850428,-0.009651993826756959,330.0,61.0
P2P_B006,0.5,0.07205609232187271,0.031112365893661037,0.04256535893740203,0.040943726428211674,0.029490733384470683,0.011452993043740992,361.0,287.0
P2P_B006,0.5,0.05963893234729767,0.021625885400296016,0.02166879213560083,0.03801304694700165,0.03797014021169684,4.290673530481237e-05,340.0,225.0
P2P_B006,0.5,0.0377444326877594,0.028249490066010206,0.039069092116250384,0.009494942621749193,0.0013246594284909846,0.010819602050240178,265.0,285.0
P2P_B006,0.5,0.026925481855869293,0.020942645091184604,0.02026693540047178,0.005982836764684689,0.006658546455397513,-0.0006757096907128238,203.0,219.0
P2P_B006,0.5,0.12782688438892365,0.038519270976933306,0.06149261546734123,0.08930761341199034,0.06633426892158242,0.022973344490407922,384.0,336.0
P2P_B006,0.5,0.024723967537283897,0.03670861088756156,0.021980756751649705,0.011984643350277664,0.0027432107856341925,-0.014727854135911857,192.0,96.0
P2P_B006,0.5,0.08666183799505234,0.03465813423772682,0.04627591671776999,0.05200370375732552,0.04038592127728235,0.011617782480043172,373.0,289.0
P2P_B006,0.5,0.05733184143900871,0.039036352856792605,0.044737456311525134,0.018295488582216107,0.012594385127483579,0.0057011034547325284,333.0,266.0
P2P_B006,0.7,0.2857414186000824,0.06722265478771823,0.15715707036847748,0.21851876381236418,0.12858434823160492,0.08993441558075925,383.0,369.0
P2P_B006,0.7,0.1101139634847641,0.06893987957641182,0.06935599551477925,0.04117408390835228,0.04075796796998485,0.000416115938367434,298.0,216.0
P2P_B006,0.7,0.15176080167293549,0.07603494728721455,0.09456085430439376,0.07572585438572094,0.057199947368541726,0.01852590701717921,352.0,267.0
P2P_B006,0.7,0.32062867283821106,0.0900808204781875,0.2149629529189514,0.23054785236002356,0.10566571991925966,0.1248821324407639,384.0,382.0
P2P_B006,0.7,0.09371151030063629,0.08117703690473624,0.0572264318853062,0.012534473395900053,0.036485078415330094,-0.02395060501943004,267.0,126.0
P2P_B006,0.7,0.20722101628780365,0.08192546490113622,0.13890443205238368,0.12529555138666743,0.06831658423541997,0.05697896715124745,378.0,342.0
P2P_B006,0.7,0.1850285828113556,0.06698645155819181,0.1380430236276996,0.11804213125316378,0.04698555918365599,0.07105657206950779,367.0,358.0
P2P_B006,0.7,0.23533061146736145,0.0726338437943253,0.1771890499285378,0.16269676767303615,0.05814156153882366,0.10455520613421249,382.0,378.0
P2P_B006,0.9,0.24039173126220703,0.2078200561004832,0.15131206212422527,0.03257167516172382,0.08907966913798177,-0.05650799397625794,242.0,91.0
P2P_B006,0.9,0.3606952726840973,0.22129211759628653,0.2583083420273393,0.13940315508781076,0.10238693065675797,0.03701622443105279,355.0,249.0
P2P_B006,0.9,0.41823697090148926,0.22043284460862994,0.272074156801989,0.19780412629285932,0.14616281409950027,0.051641312193359046,373.0,275.0
P2P_B006,0.9,0.48778292536735535,0.21326874128811896,0.3217999418213217,0.2745141840792364,0.16598298354603364,0.10853120053320275,382.0,350.0
P2P_B006,0.9,0.4369473457336426,0.21629202971569494,0.3001968795203581,0.22065531601794763,0.13675046621328446,0.08390484980466317,378.0,327.0
P2P_B006,0.9,0.36948755383491516,0.21609697992388377,0.2920768057965391,0.1533905739110314,0.07741074803837605,0.07597982587265534,357.0,316.0
P2P_B006,0.9,0.4329921007156372,0.2139621452846116,0.26215405974006156,0.2190299554310256,0.17083804097557564,0.04819191445544996,377.0,269.0
P2P_B006,0.9,0.5341029167175293,0.2224564604282741,0.37902285050758794,0.3116464562892552,0.15508006620994136,0.15656639007931383,383.0,377.0
P2P_B007,0.1,0.006869993172585964,0.008440164069120841,0.008835459977287845,0.0015701708965348768,0.0019654668047018806,0.0003952959081670038,302.0,193.0
P2P_B007,0.1,0.0020487881265580654,3.9215352154037264e-05,0.006173460763243689,0.002009572774404028,0.004124672636685624,0.006134245411089652,130.0,295.0
P2P_B007,0.1,0.0002501188719179481,-0.011408197365264883,0.00467041130822967,0.01165831623718283,0.004420292436311722,0.016078608673494553,45.0,373.0
P2P_B007,0.1,0.007532696705311537,0.020600065023675486,0.01084241469849559,0.013067368318363949,0.0033097179931840526,-0.009757650325179897,312.0,58.0
P2P_B007,0.1,0.0012283327523618937,0.0018510601821056238,0.004698278606675814,0.0006227274297437302,0.0034699458543139203,0.00284721842457019,90.0,246.0
P2P_B007,0.1,0.0067260004580020905,0.005580681491662326,0.004165909431236084,0.0011453189663397645,0.0025600910267660065,-0.001414772060426242,298.0,167.0
P2P_B007,0.1,0.01209741085767746,0.011952733788636462,0.008396071018131085,0.00014467706904099792,0.003701339839546375,-0.003556662770505377,361.0,118.0
P2P_B007,0.1,0.009297549724578857,0.010416343799487207,0.007909236842447973,0.0011187940749083497,0.0013883128821308849,-0.0025071069570392346,340.0,142.0
P2P_B007,0.3,0.011898736469447613,0.025038386588929255,0.03766688104918872,0.013139650119481643,0.02576814457974111,0.012628494460259466,264.0,346.0
P2P_B007,0.3,0.009063723497092724,0.035267314551557585,0.01653527122561743,0.02620359105446486,0.007471547728524708,-0.018732043325940154,212.0,6.0
P2P_B007,0.3,0.023198384791612625,0.008378936120995772,0.016635246487004943,0.014819448670616853,0.0065631383046076824,0.00825631036600917,350.0,320.0
P2P_B007,0.3,0.005953581538051367,0.01584418708177609,0.006795824780538286,0.009890605543724722,0.0008422432424869189,-0.009048362301237803,161.0,65.0
P2P_B007,0.3,0.010349469259381294,0.02170857578272537,0.007618549030929567,0.011359106523344077,0.0027309202284517275,-0.014090026751795805,238.0,25.0
P2P_B007,0.3,0.002639665501192212,0.03817419669943767,0.015719330200258536,0.035534531198245456,0.013079664699066323,-0.022454866499179132,90.0,4.0
P2P_B007,0.3,0.006563554517924786,0.00833942438090423,0.011625879582356155,0.0017758698629794442,0.005062325064431369,0.003286455201451925,168.0,250.0
P2P_B007,0.3,0.019606735557317734,0.01605880383575259,0.022281653779415572,0.003547931721565145,0.0026749182220978385,0.006222849943662984,329.0,291.0
P2P_B007,0.5,0.07310913503170013,0.03300139111613501,0.0795515481502407,0.040107743915565125,0.00644241311854056,0.046550157034105685,362.0,372.0
P2P_B007,0.5,0.025368452072143555,0.02139363250794222,0.024014152601435863,0.003974819564201336,0.0013542994707076914,0.0026205200934936446,198.0,250.0
P2P_B007,0.5,0.05157523229718208,0.033011384878188624,0.04514445556739127,0.01856384741899346,0.00643077672979081,0.012133070689202649,321.0,293.0
P2P_B007,0.5,0.057639166712760925,0.031043297706113096,0.05195456320899379,0.02659586900664783,0.0056846035037671355,0.020911265502880694,336.0,329.0
P2P_B007,0.5,0.009853928349912167,0.020133433118801343,0.006324737616160529,0.010279504768889176,0.0035291907337516373,-0.013808695502640814,79.0,108.0
P2P_B007,0.5,0.08353462815284729,0.036370683817850316,0.0633008233142437,0.047163944334996974,0.020233804838603583,0.02693013949639339,369.0,347.0
P2P_B007,0.5,0.004918798338621855,0.03223575527079569,0.01261542061491936,0.027316956932173835,0.007696622276297506,-0.01962033465587633,49.0,48.0
P2P_B007,0.5,0.012475973926484585,0.028997248495232435,0.012109020037742675,0.01652127456874785,0.00036695388874190965,-0.01688822845748976,96.0,66.0
P2P_B007,0.7,0.09985902905464172,0.07264223324883229,0.08662864011266697,0.027216795805809435,0.013230388941974758,0.013986406863834677,278.0,255.0
P2P_B007,0.7,0.10106979310512543,0.07175505846819809,0.11563302065314106,0.02931473463692734,0.014563227548015631,0.04387796218494297,280.0,326.0
P2P_B007,0.7,0.057481180876493454,0.09637745602693225,0.07572275781036106,0.038896275150438794,0.018241576933867604,-0.02065469821657119,170.0,136.0
P2P_B007,0.7,0.053822748363018036,0.0801234458315507,0.05950779915109365,0.02630069746853267,0.005685050788075616,-0.020615646680457053,152.0,137.0
P2P_B007,0.7,0.14553627371788025,0.07617856127104257,0.13344047102926865,0.06935771244683768,0.012095802688611601,0.05726190975822608,346.0,343.0
P2P_B007,0.7,0.14326211810112,0.08473202319747306,0.14086024691863958,0.05853009490364694,0.0024018711824804195,0.05612822372116652,344.0,339.0
P2P_B007,0.7,0.004497114568948746,0.08269104132849485,0.01453321575458092,0.0781939267595461,0.010036101185632175,-0.06815782557391392,19.0,5.0
P2P_B007,0.7,0.0902649462223053,0.07047954381655842,0.07907211236435864,0.019785402405746874,0.011192833857946657,0.008592568547800217,258.0,242.0
P2P_B007,0.9,0.3926677703857422,0.21539518637253935,0.38304890523315105,0.17727258401320284,0.009618865152591138,0.1676537188606117,367.0,380.0
P2P_B007,0.9,0.14115867018699646,0.21309343692855015,0.14925061018246027,0.07193476674155369,0.008091939995463815,-0.06384282674608988,87.0,82.0
P2P_B007,0.9,0.18033455312252045,0.2217717798375935,0.19326287290597977,0.04143722671507305,0.012928319783459319,-0.02850890693161373,148.0,130.0
P2P_B007,0.9,0.34493568539619446,0.22000623350533693,0.36454732314434574,0.12492945189085752,0.019611637748151278,0.1445410896390088,348.0,371.0
P2P_B007,0.9,0.338814914226532,0.20666918228576553,0.3190817021162406,0.13214573194076645,0.019733212110291387,0.11241251983047507,343.0,354.0
P2P_B007,0.9,0.31241923570632935,0.2225079505880071,0.27056295612133124,0.08991128511832225,0.0418562795849981,0.04805500553332415,325.0,268.0
P2P_B007,0.9,0.35770466923713684,0.21875107626403772,0.2811517114497622,0.13895359297309912,0.07655295778737464,0.06240063518572447,353.0,294.0
P2P_B007,0.9,0.3605128228664398,0.21542226713123402,0.36013029109451816,0.1450905557352058,0.000382531771921657,0.14470802396328414,354.0,372.0
P2P_B008,0.1,0.0137849235907197,0.008264622215672764,-0.0021360308219927904,0.005520301375046936,0.01592095441271249,-0.010400653037665554,368.0,50.0
P2P_B008,0.1,0.019104057922959328,0.01452192056203528,0.0027133296742944263,0.004582137360924048,0.0163907282486649,-0.011808590887740854,381.0,38.0
P2P_B008,0.1,0.0009011005167849362,-0.00259973498294086,0.002676276349570267,0.0035008354997257962,0.0017751758327853306,0.005276011332511127,78.0,283.0
P2P_B008,0.1,0.014044654555618763,0.012422926295001607,0.0019853525247023884,0.0016217282606171557,0.012059302030916375,-0.010437573770299219,370.0,48.0
P2P_B008,0.1,0.009482461027801037,0.002426908915164297,0.00045216669030258283,0.00705555211263674,0.009030294337498454,-0.001974742224861714,348.0,153.0
P2P_B008,0.1,0.033015962690114975,0.02598007990282067,0.008838178742563194,0.007035882787294306,0.02417778394755178,-0.017141901160257475,384.0,16.0
P2P_B008,0.1,0.00230404082685709,0.009221969946333196,0.006958257759755032,0.006917929119476106,0.004654216932897942,-0.0022637121865781637,143.0,147.0
P2P_B008,0.1,0.0032041033264249563,0.006839307164984702,0.007515979551304716,0.003635203838559746,0.00431187622487976,0.0006766723863200139,180.0,202.0
P2P_B008,0.3,0.021222947165369987,0.011685411598976438,0.020741271752056367,0.00953753556639355,0.0004816754133136203,0.00905586015307993,341.0,326.0
P2P_B008,0.3,0.03888038545846939,0.00339722547703529,0.03221229294945095,0.0354831599814341,0.006668092509018439,0.028815067472415662,378.0,383.0
P2P_B008,0.3,0.043417662382125854,0.02645670568019324,0.022409413897312762,0.016960956701932615,0.021008248484813093,-0.004047291782880477,381.0,143.0
P2P_B008,0.3,0.02449072152376175,0.010648687758245845,0.006688925199649871,0.013842033765515904,0.017801796324111878,-0.003959762558595974,355.0,146.0
P2P_B008,0.3,0.010486460290849209,0.005554773776727306,0.002570931254738257,0.004931686514121902,0.007915529036110952,-0.0029838425219890496,240.0,161.0
P2P_B008,0.3,0.015621795319020748,-0.003478331354015568,0.00733821185453707,0.019100126673036316,0.008283583464483678,0.010816543208552638,302.0,339.0
P2P_B008,0.3,0.03923284262418747,0.0183140996735495,0.020698824614135525,0.020918742950637968,0.018534018010051945,0.0023847249405860235,379.0,238.0
P2P_B008,0.3,0.01536346971988678,0.009805161598138087,0.0026570334406522123,0.005558308121748692,0.012706436279234568,-0.007148128157485875,299.0,96.0
P2P_B008,0.5,0.01614224538207054,0.020863781412913007,0.017742300945909603,0.004721536030842466,0.0016000555638390618,-0.003121480467003404,131.0,201.0
P2P_B008,0.5,0.08369946479797363,0.029822171115332974,0.08577546360021124,0.05387729368264066,0.0020759988022376052,0.055953292484878264,370.0,382.0
P2P_B008,0.5,0.041579101234674454,0.018214438156713864,0.010018786020848484,0.02336466307796059,0.03156031521382597,-0.00819565213586538,283.0,161.0
P2P_B008,0.5,0.006727438885718584,0.019466648005914494,0.015320622161712587,0.01273920912019591,0.008593183275994003,-0.004146025844201907,56.0,194.0
P2P_B008,0.5,0.07479596883058548,0.042628589151207166,0.06225462074061985,0.03216737967937831,0.012541348089965633,0.01962603158941268,363.0,324.0
P2P_B008,0.5,0.07053961604833603,0.03420616630688487,0.04405843087961352,0.03633344974145116,0.026481185168722512,0.009852264572728649,358.0,278.0
P2P_B008,0.5,0.033101242035627365,0.03673893366604046,0.03827543287846716,0.003637691630413095,0.005174190842839793,0.001536499212426698,244.0,244.0
P2P_B008,0.5,0.00958486832678318,0.019942420412371598,0.020623211625003322,0.010357552085588417,0.011038343298220142,0.0006807912126317248,78.0,233.0
P2P_B008,0.7,0.12638601660728455,0.06435285745260816,0.09966073374139234,0.06203315915467639,0.026725282865892208,0.03530787628878418,326.0,306.0
P2P_B008,0.7,0.15002897381782532,0.07923121811588713,0.12489531627331726,0.07079775570193819,0.025133657544508053,0.04566409815743014,350.0,328.0
P2P_B008,0.7,0.09742748737335205,0.08740900037140932,0.0927505784248194,0.01001848700194273,0.004676908948532649,0.0053415780534100815,271.0,233.0
P2P_B008,0.7,0.17197927832603455,0.08134029853904752,0.14103881364560608,0.09063897978698703,0.030940464680428464,0.05969851510655856,365.0,346.0
P2P_B008,0.7,0.20193415880203247,0.08356219829832845,0.12514466611146535,0.11837196050370402,0.07678949269056712,0.0415824678131369,375.0,320.0
P2P_B008,0.7,0.1901528537273407,0.08391400817694142,0.1588846771858055,0.10623884555039928,0.031268176541535186,0.0749706690088641,372.0,360.0
P2P_B008,0.7,0.11772624403238297,0.06275737202384957,0.06165426509741116,0.0549688720085334,0.0560719789349718,-0.0011031069264384047,308.0,211.0
P2P_B008,0.7,0.08070988953113556,0.0872274805963427,0.10962605730263617,0.0065175910652071345,0.028916167771500606,0.02239857670629347,235.0,273.0
P2P_B008,0.9,0.38823217153549194,0.20603450199327422,0.31588714148526165,0.18219766954221772,0.0723450300502303,0.10985263949198742,366.0,351.0
P2P_B008,0.9,0.37579992413520813,0.20806929201215485,0.27199095405268964,0.16773063212305328,0.10380897008251849,0.06392166204053479,360.0,299.0
P2P_B008,0.9,0.42851072549819946,0.21272495128312557,0.3277226452150699,0.2157857742150739,0.10078808028312958,0.11499769393194431,375.0,357.0
P2P_B008,0.9,0.2668820023536682,0.2024720168490668,0.21566755613691913,0.06440998550460142,0.05121444621674909,0.013195539287852331,276.0,214.0
P2P_B008,0.9,0.4290931820869446,0.21456973214025465,0.35886569474664115,0.21452344994668993,0.07022748734030343,0.1442959626063865,376.0,370.0
P2P_B008,0.9,0.26408883929252625,0.20455628723136643,0.21861155879205663,0.059532552061159816,0.04547728050046962,0.014055271560690197,273.0,217.0
P2P_B008,0.9,0.37368452548980713,0.21870530130662946,0.32017158793200934,0.15497922418317767,0.05351293755779779,0.10146628662537988,359.0,342.0
P2P_B008,0.9,0.3999987840652466,0.22229693028517689,0.30179883084084663,0.1777018537800697,0.09819995322439995,0.07950190055566975,369.0,323.0
P2P_B009,0.1,9.116021101363003e-05,-0.013234736548678364,0.001279905282507987,0.013325896759691994,0.001188745071494357,0.01451464183118635,23.0,367.0
P2P_B009,0.1,0.006282903254032135,0.006769151935104058,0.007241163301853024,0.0004862486810719227,0.0009582600478208886,0.0004720113667489659,292.0,194.0
P2P_B009,0.1,0.001791876507923007,0.013799999596303972,0.008978156765437395,0.012008123088380965,0.007186280257514388,-0.004821842830866577,123.0,101.0
P2P_B009,0.1,0.0015250173164531589,-0.0028617935371238606,0.003600813800079636,0.0043868108535770195,0.002075796483626477,0.0064626073372034964,107.0,300.0
P2P_B009,0.1,0.004078907426446676,1.859040157400904e-05,0.0047899471733008625,0.004060317024872667,0.0007110397468541862,0.0047713567717268535,218.0,277.0
P2P_B009,0.1,0.009118630550801754,-1.8798692609997558e-05,0.0004932277108346678,0.009137429243411752,0.008625402839967086,0.0005120264034446653,338.0,196.0
P2P_B009,0.1,0.004644050262868404,-0.002988032666877749,0.0009633738531905633,0.007632082929746153,0.003680676409677841,0.003951406520068312,247.0,261.0
P2P_B009,0.1,0.00019546813564375043,-0.0006760613968794099,0.006125868743682511,0.0008715295325231603,0.005930400608038761,0.006801930140561921,36.0,308.0
P2P_B009,0.3,0.004123060964047909,0.000977383134795215,-0.002790243322842917,0.003145677829252694,0.006913304286890826,-0.003767626457638132,115.0,151.0
P2P_B009,0.3,0.009576699696481228,0.021763810249837777,0.015234803540074157,0.012187110553356549,0.005658103843592929,-0.00652900670976362,223.0,105.0
P2P_B009,0.3,0.030416520312428474,0.018900461743364155,0.019191054066522502,0.011516058569064319,0.011225466245905973,0.00029059232315834654,370.0,207.0
P2P_B009,0.3,0.0020840719807893038,0.007607692370114209,-0.0003550818509921033,0.0055236203893249056,0.002439153831781407,-0.007962774221106313,73.0,83.0
P2P_B009,0.3,0.0039802780374884605,0.005049987163720203,0.006210846851867069,0.0010697091262317424,0.0022305688143786084,0.001160859688146866,113.0,216.0
P2P_B009,0.3,0.004822868853807449,0.013880753365643726,0.00548032570433242,0.009057884511836277,0.0006574568505249706,-0.008400427661311306,134.0,72.0
P2P_B009,0.3,0.002363997045904398,-0.0005201818402468805,0.0014943798806797692,0.0028841788861512785,0.0008696171652246287,0.0020145617209266498,83.0,229.0
P2P_B009,0.3,0.028152048587799072,0.016388361073869324,0.017932357373722542,0.011763687513929748,0.01021969121407653,0.0015439962998532175,364.0,223.0
P2P_B009,0.5,0.007155084982514381,0.047411547609965285,0.024636728248137972,0.040256462627450904,0.01748164326562359,-0.022774819361827313,59.0,31.0
P2P_B009,0.5,0.037468913942575455,0.042281272984507186,0.03220501326770671,0.004812359041931731,0.005263900674868746,-0.010076259716800477,262.0,139.0
P2P_B009,0.5,0.021246066316962242,0.0508515956448964,0.045745833050937414,0.029605529327934157,0.02449976673397517,-0.005105762593958986,171.0,183.0
P2P_B009,0.5,0.017061643302440643,0.03433170880158065,0.007291864519356851,0.017270065499140008,0.009769778783083792,-0.0270398442822238,135.0,11.0
P2P_B009,0.5,0.018276803195476532,0.02722405161670889,0.01491951268728129,0.00894724842123236,0.0033572905081952417,-0.012304538929427601,146.0,122.0
P2P_B009,0.5,0.04631350189447403,0.04522789803267373,0.05146052886646241,0.0010856038618003022,0.005147026971988378,0.00623263083378868,302.0,268.0
P2P_B009,0.5,0.003809581743553281,0.020705762087656635,0.02106401564123086,0.016896180344103354,0.017254433897677578,0.000358253553574224,44.0,228.0
P2P_B009,0.5,0.06381814181804657,0.043147174605538616,0.04302399983535225,0.020670967212507954,0.020794141982694317,-0.0001231747701863628,346.0,223.0
P2P_B009,0.7,0.054690148681402206,0.07407904593759558,0.043457937777300476,0.019388897256193374,0.01123221090410173,-0.030621108160295105,155.0,106.0
P2P_B009,0.7,0.03816685825586319,0.07322199493629053,0.03821766385543812,0.03505513668042734,5.080559957493236e-05,-0.03500433108085241,93.0,90.0
P2P_B009,0.7,0.09658333659172058,0.07905811070693991,0.1486370662282946,0.01752522588478067,0.05205372963657401,0.06957895552135468,270.0,357.0
P2P_B009,0.7,0.029376734048128128,0.071538806164565,0.0232952726076879,0.04216207211643687,0.006081461440440229,-0.0482435335568771,65.0,51.0
P2P_B009,0.7,0.00012312624312471598,0.06522771133552656,0.008873622569640839,0.06510458509240184,0.008750496326516123,-0.05635408876588572,8.0,26.0
P2P_B009,0.7,0.080545574426651,0.08414589651313928,0.11818151466061369,0.003600322086488278,0.03763594023396269,0.03403561814747441,234.0,305.0
P2P_B009,0.7,0.05460848659276962,0.10914107736164132,0.08295391479526804,0.054532590768871694,0.028345428202498413,-0.02618716256637328,154.0,120.0
P2P_B009,0.7,0.04383239150047302,0.076840087632422,0.056818733182755876,0.03300769613194898,0.012986341682282854,-0.02002135444966613,120.0,142.0
P2P_B009,0.9,0.12194541096687317,0.21656536701368215,0.19324662340593995,0.09461995604680898,0.07130121243906679,-0.023318743607742193,68.0,139.0
P2P_B009,0.9,0.13485895097255707,0.2147616507245621,0.20664924640814913,0.07990269975200504,0.07179029543559207,-0.008112404316412969,81.0,173.0
P2P_B009,0.9,0.14746882021427155,0.20947349186486214,0.17468656209960892,0.06200467165059059,0.027217741885337376,-0.034786929765253216,98.0,116.0
P2P_B009,0.9,0.10635635256767273,0.20952625558479376,0.15966097692350642,0.10316990301712103,0.05330462435583369,-0.04986527866128734,53.0,103.0
P2P_B009,0.9,0.14022701978683472,0.20400539299077738,0.1571830816482973,0.06377837320394267,0.01695606186146259,-0.04682231134248008,85.0,107.0
P2P_B009,0.9,0.17683805525302887,0.2181400337732331,0.24554132113351212,0.04130197852020423,0.06870326588048326,0.027401287360279025,140.0,235.0
P2P_B009,0.9,0.19066134095191956,0.20716600257737344,0.25873837654479803,0.016504661625453887,0.06807703559287848,0.05157237396742459,167.0,274.0
P2P_B009,0.9,0.20920762419700623,0.20083317778705834,0.28847464540518164,0.008374446409947889,0.07926702120817541,0.0876414676181233,195.0,330.0
P2P_B010,0.1,0.004183995071798563,0.0003886471284444415,0.0070853023863428136,0.0037953479433541215,0.0029013073145442506,0.006696655257898372,224.0,306.0
P2P_B010,0.1,0.011587611399590969,0.006303202404976803,0.005958632789688771,0.005284408994614166,0.005628978609902198,-0.00034456961528803176,356.0,185.0
P2P_B010,0.1,0.006601669825613499,0.017315206558759677,0.012088212589148106,0.010713536733146178,0.005486542763534608,-0.005226993969611571,296.0,95.0
P2P_B010,0.1,0.014583527110517025,0.015759664964232672,0.009885389304021247,0.0011761378537156475,0.004698137806495778,-0.0058742756602114254,375.0,85.0
P2P_B010,0.1,0.0003420881985221058,-0.022142941816617703,-0.004138600455248859,0.02248503001513981,0.0044806886537709645,0.018004341361368845,53.0,380.0
P2P_B010,0.1,0.003756002988666296,-0.005395614158698908,0.009194054147026086,0.009151617147365204,0.00543805115835979,0.014589668305724994,207.0,368.0
P2P_B010,0.1,0.000986466184258461,-0.015381940164615249,-0.0011966430979740983,0.01636840634887371,0.0021831092822325593,0.01418529706664115,82.0,365.0
P2P_B010,0.1,0.0008887461153790355,-0.004976245707955851,0.003758602902525332,0.005864991823334886,0.0028698567871462966,0.008734848610481183,77.0,322.0
P2P_B010,0.3,6.968213028812897e-07,-0.007883531697596424,0.003027626555968721,0.007884228518899306,0.0030269297346658397,0.010911158253565145,3.0,340.0
P2P_B010,0.3,7.740131877653766e-06,-0.012546849878843636,-0.005164321740730143,0.01255459001072129,0.005172061872607797,0.007382528138113492,12.0,303.5
P2P_B010,0.3,0.022596241906285286,0.01079472784769122,0.010013302208928196,0.011801514058594066,0.01258293969735709,-0.0007814256387630239,346.0,200.0
P2P_B010,0.3,0.009957517497241497,0.015119581680109108,0.006284088329761128,0.005162064182867611,0.0036734291674803687,-0.00883549335034798,231.0,68.0
P2P_B010,0.3,1.037372749124188e-05,-0.012546849878843636,-0.005164321740730143,0.012557223606334877,0.005174695468221385,0.007382528138113492,13.0,303.5
P2P_B010,0.3,0.013975119218230247,0.02716148585673616,0.01656539070144048,0.013186366638505913,0.002590271483210234,-0.010596095155295679,285.0,51.0
P2P_B010,0.3,0.00010832992848008871,-0.012029824428957073,-0.002747885936315947,0.012138154357437161,0.0028562158647960356,0.009281938492641126,24.0,331.0
P2P_B010,0.3,0.00350987003184855,0.004637449881855063,0.005836716191991657,0.0011275798500065132,0.0023268461601431076,0.0011992663101365944,104.0,217.0
P2P_B010,0.5,0.08226514607667923,0.0433532308999916,0.07310006147602835,0.03891191517668763,0.00916508460065088,0.029746830576036748,368.0,350.0
P2P_B010,0.5,0.0002893438213504851,0.00497325567108995,0.00029856522865380486,0.004683911849739465,9.221407303319773e-06,-0.0046746904424361455,18.0,190.0
P2P_B010,0.5,0.05039563402533531,0.03258422496968446,0.06235149693707795,0.017811409055650852,0.011955862911742637,0.02976727196739349,318.0,351.0
P2P_B010,0.5,0.04689498245716095,0.030781643629980947,0.041636413728479364,0.016113338827180003,0.0052585687286815855,0.010854770098498417,305.0,286.0
P2P_B010,0.5,0.02461572363972664,0.020224412951377592,0.019173842789952787,0.004391310688349047,0.005441880849773852,-0.0010505701614248047,190.0,218.0
P2P_B010,0.5,0.09971114993095398,0.03317710238582955,0.0727919730577171,0.06653404754512443,0.026919176873236875,0.039614870671887556,379.0,362.0
P2P_B010,0.5,1.5639294588254415e-06,0.00497325567108995,0.0009982923343317962,0.004971691741631125,0.0009967284048729708,-0.003974963336758154,8.0,195.0
P2P_B010,0.5,0.06557737290859222,0.03721587886996783,0.039246715116055736,0.028361494038624396,0.026330657792536488,0.002030836246087908,351.0,247.0
P2P_B010,0.7,0.08966490626335144,0.07610441481327784,0.06605517504479799,0.013560491450073597,0.023609731218553448,-0.01004923976847985,255.0,183.0
P2P_B010,0.7,0.04630069434642792,0.07468377105225049,0.04454017164610992,0.028383076705822574,0.0017605227003179985,-0.030143599406140573,129.0,110.0
P2P_B010,0.7,0.0551082119345665,0.07413309899084898,0.043359094659269626,0.019024887056282483,0.011749117275296872,-0.030774004331579355,157.0,105.0
P2P_B010,0.7,0.056895434856414795,0.0726417081817354,0.0535985026635191,0.01574627332532061,0.003296932192895695,-0.019043205518216304,166.0,150.0
P2P_B010,0.7,0.06909489631652832,0.06836137651840418,0.05660818824894881,0.0007335197981241381,0.01248670806757951,-0.011753188269455372,203.0,178.0
P2P_B010,0.7,0.05673536658287048,0.08272183974233696,0.044718260155368596,0.025986473159466478,0.012017106427501888,-0.038003579586968365,164.0,77.0
P2P_B010,0.7,0.03252613916993141,0.05811335948349754,0.03577232082517214,0.025587220313566125,0.0032461816552407305,-0.022341038658325395,71.0,134.0
P2P_B010,0.7,0.056050971150398254,0.09695062362135895,0.07229862241296536,0.040899652470960696,0.01624765126256711,-0.024652001208393587,161.0,124.0
P2P_B010,0.9,0.1855873316526413,0.23665916829185318,0.22723501077346392,0.05107183663921189,0.04164767912082262,-0.009424157518389265,160.0,167.0
P2P_B010,0.9,0.10318732261657715,0.20606044211144472,0.1080200114419068,0.10287311949486758,0.0048326888253296535,-0.09804043066953792,49.0,47.0
P2P_B010,0.9,0.11189769208431244,0.18826487626799465,0.10281888424680383,0.07636718418368221,0.009078807837508612,-0.08544599202119083,57.0,57.0
P2P_B010,0.9,0.15400095283985138,0.18826487626799465,0.11135512762680624,0.03426392342814327,0.042645825213045135,-0.07690974864118841,106.0,66.0
P2P_B010,0.9,0.21533289551734924,0.2249470961737589,0.21408876303026264,0.009614200656409666,0.0012441324870866022,-0.010858333143496268,204.0,165.0
P2P_B010,0.9,0.04415025934576988,0.19184108201323197,0.000106151631739132,0.14769082266746208,0.04404410771403075,-0.19173493038149284,14.0,6.0
P2P_B010,0.9,0.23218053579330444,0.2135480910044718,0.1908231843040677,0.018632444788832636,0.04135735148923675,-0.022724906700404113,231.0,141.0
P2P_B010,0.9,0.14037291705608368,0.22373999109108575,0.14252777721948268,0.08336707403500207,0.0021548601633989972,-0.08121221387160307,86.0,61.0
P2P_B011,0.1,0.0032094083726406097,-0.0007599608507084105,-0.002296301810716689,0.00396936922334902,0.0055057101833572986,-0.0015363409600082784,181.0,162.0
P2P_B011,0.1,0.012672312557697296,0.01897645611224546,-0.0013832462036848375,0.0063041435545481625,0.014055558761382134,-0.020359702315930296,363.0,7.0
P2P_B011,0.1,0.004150596912950277,0.0007140410361060889,0.0005300410272246342,0.0034365558768441884,0.003620555885725643,-0.00018400000888145474,222.0,189.0
P2P_B011,0.1,0.0012583865318447351,-0.0071664748806077455,0.0021398719826709045,0.00842486141245248,0.0008814854508261694,0.00930634686327865,93.0,333.0
P2P_B011,0.1,0.0006304100388661027,-0.005829474240413315,0.0009025744383956147,0.006459884279279418,0.000272164399529512,0.00673204867880893,62.0,307.0
P2P_B011,0.1,0.0017486180877313018,-0.003091362167348219,0.005770131469682999,0.004839980255079521,0.004021513381951697,0.008861493637031218,120.0,326.0
P2P_B011,0.1,0.012053710408508778,0.024958478537566463,-0.0038446883269768473,0.012904768129057685,0.015898398735485625,-0.02880316686454331,357.0,2.0
P2P_B011,0.1,0.010482940822839737,0.026949793271032155,0.0011307748240844545,0.016466852448192418,0.009352165998755282,-0.0258190184469477,353.0,4.0
P2P_B011,0.3,0.0016037264140322804,0.012305515413344834,0.004079066941625492,0.010701788999312553,0.0024753405275932117,-0.008226448471719341,66.0,76.0
P2P_B011,0.3,0.0007062371587380767,0.017011775943522794,0.00013181801003678273,0.016305538784784718,0.000574419148701294,-0.01687995793348601,40.0,11.0
P2P_B011,0.3,0.004739923868328333,0.014615891171767627,0.0017584556344475283,0.009875967303439294,0.0029814682338808046,-0.012857435537320099,132.0,33.0
P2P_B011,0.3,0.002070426242426038,0.010696731367029116,0.004255977025587707,0.008626305124603079,0.002185550783161669,-0.00644075434144141,72.0,107.0
P2P_B011,0.3,0.0041357106529176235,0.01418803828077618,0.004371067038659068,0.010052327627858557,0.0002353563857414448,-0.009816971242117112,116.0,59.0
P2P_B011,0.3,0.011351178400218487,-0.0034719944178574907,0.001735694836995913,0.014823172818075978,0.009615483563222574,0.005207689254853404,257.0,273.0
P2P_B011,0.3,0.012599816545844078,0.010357180141820993,0.006345102588659335,0.002242636404023085,0.006254713957184743,-0.004012077553161658,268.0,145.0
P2P_B011,0.3,0.008240838535130024,0.01506095059708877,0.021247076330223,0.006820112061958747,0.013006237795092974,0.006186125733134228,196.0,288.0
P2P_B011,0.5,0.03968819975852966,0.032829235048930094,0.05896274759017611,0.006858964709599569,0.01927454783164645,0.026133512541246018,274.0,345.0
P2P_B011,0.5,0.007628162391483784,0.02598456117305968,0.012467533987663093,0.018356398781575897,0.004839371596179309,-0.013517027185396588,68.0,109.0
P2P_B011,0.5,0.035399749875068665,0.049710155420933724,0.03544384738809985,0.01431040554586506,4.4097513031186863e-05,-0.014266308032833873,253.0,102.0
P2P_B011,0.5,0.02098042145371437,0.035407835503995726,0.021466922030732576,0.014427414050281355,0.00048650057701820487,-0.01394091347326315,167.0,107.0
P2P_B011,0.5,0.035877060145139694,0.020684446163791323,0.04550034638814087,0.015192613981348371,0.009623286243001176,0.024815900224349548,255.0,343.0
P2P_B011,0.5,0.035052619874477386,0.03513523095380659,0.03201682892755684,8.26110793292062e-05,0.0030357909469205455,-0.0031184020262497517,251.0,202.0
P2P_B011,0.5,0.03522660955786705,0.01122888205304265,0.03036891505987186,0.0239977275048244,0.004857694497995189,0.01914003300682921,252.0,321.0
P2P_B011,0.5,0.014031879603862762,0.034109498402173234,0.016031129480160958,0.020077618798310472,0.0019992498762981953,-0.018078368922012276,107.0,59.0
P2P_B011,0.7,0.08023779094219208,0.07633993649488091,0.08076909666041647,0.0038978544473111665,0.0005313057182243924,0.004429160165535559,231.0,230.0
P2P_B011,0.7,0.08314269036054611,0.08029712568603328,0.072879450569958,0.0028455646745128294,0.010263239790588116,-0.007417675116075287,238.0,190.0
P2P_B011,0.7,0.035486120730638504,0.073740726306619,0.03611274904515156,0.038254605575980496,0.0006266283145130586,-0.03762797726146744,80.0,78.0
P2P_B011,0.7,0.07151155918836594,0.08554486968641561,0.09483801833474104,0.014033310498049678,0.0233264591463751,0.009293148648325422,214.0,243.0
P2P_B011,0.7,0.07966244965791702,0.08302347074989598,0.12484583084968971,0.003361021091978958,0.04518338119177269,0.04182236009979373,229.0,321.0
P2P_B011,0.7,0.10135775804519653,0.08541848122657848,0.13147131628258363,0.01593927681861805,0.030113558237387095,0.046052835056005145,281.0,329.0
P2P_B011,0.7,0.08481720089912415,0.07253580718766993,0.08076383523479078,0.012281393711454217,0.004053365664333369,0.008228028047120847,243.0,240.0
P2P_B011,0.7,0.022358445450663567,0.08328018886644131,0.027384175841519795,0.060921743415777746,0.005025730390856228,-0.05589601302492152,48.0,27.0
P2P_B011,0.9,0.24324065446853638,0.214025081863585,0.21870380566958497,0.02921557260495139,0.024536848798951405,0.004678723805999985,245.0,196.0
P2P_B011,0.9,0.15358766913414001,0.2165432924037436,0.16628704909033523,0.06295562326960358,0.012699379956195217,-0.05025624331340836,105.0,101.0
P2P_B011,0.9,0.23049403727054596,0.21299745788405788,0.2292672596864414,0.017496579386488076,0.0012267775841045547,0.01626980180238352,224.0,223.0
P2P_B011,0.9,0.16166430711746216,0.19761367909694322,0.18100080666496143,0.03594937197948106,0.019336499547499275,-0.016612872431981784,116.0,154.0
P2P_B011,0.9,0.1649014800786972,0.20699938809473822,0.17526267848693944,0.04209790801604102,0.010361198408242234,-0.031736709607798785,123.0,122.0
P2P_B011,0.9,0.19191326200962067,0.23104056739536627,0.21812754888599767,0.0391273053857456,0.026214286876377002,-0.012913018509368601,169.0,159.0
P2P_B011,0.9,0.25559327006340027,0.21850616594508782,0.2501950967333815,0.03708710411831245,0.005398173330018796,0.03168893078829366,260.0,241.0
P2P_B011,0.9,0.19167473912239075,0.2151241011981554,0.21851080112798205,0.023449362075764646,0.0268360620055913,0.003386699929826653,168.0,194.0
P2P_B012,0.1,0.0024788144510239363,0.006700935082804255,0.0024822522559966725,0.004222120631780318,3.437804972736269e-06,-0.004218682826807582,149.0,108.0
P2P_B012,0.1,0.004483808763325214,0.00526564325259507,0.0044856720443477854,0.0007818344892698559,1.8632810225710505e-06,-0.0007799712082472848,239.0,177.0
P2P_B012,0.1,0.002476784633472562,0.009871539398363438,0.005218095454154213,0.007394754764890876,0.0027413108206816514,-0.004653443944209225,148.0,105.0
P2P_B012,0.1,0.003882842604070902,0.0007983600850232919,0.005057380762721733,0.00308448251904761,0.0011745381586508313,0.004259020677698441,211.0,268.0
P2P_B012,0.1,0.0010134379845112562,-0.0014454192807275973,0.002047060795141456,0.0024588572652388535,0.0010336228106301998,0.0034924800758690533,83.0,257.0
P2P_B012,0.1,0.0032484603580087423,0.0006341702784093545,0.003349359510536873,0.002614290079599388,0.00010089915252813053,0.0027151892321275184,182.0,244.0
P2P_B012,0.1,0.004277174826711416,0.009385393230158752,0.0043941713877961724,0.005108218403447336,0.0001169965610847562,-0.0049912218423625795,228.0,97.0
P2P_B012,0.1,0.00011224524496356025,-0.0090407243206925,0.0024739840381227396,0.00915296956565606,0.0023617387931591793,0.01151470835881524,28.0,349.0
P2P_B012,0.3,0.00864859577268362,0.023176345788787453,0.018825200829107255,0.014527750016103833,0.010176605056423635,-0.004351144959680198,203.0,138.0
P2P_B012,0.3,0.009056579321622849,0.01212931471608679,0.01751604028218519,0.0030727353944639407,0.00845946096056234,0.005386725566098399,211.0,280.0
P2P_B012,0.3,0.002743619028478861,0.00722732305994514,0.004902774120653583,0.004483704031466279,0.002159155092174722,-0.002324548939291557,91.0,172.0
P2P_B012,0.3,0.0012561737094074488,0.006412556906065112,0.004533658524505893,0.005156383196657663,0.0032774848150984442,-0.0018788983815592186,53.0,180.0
P2P_B012,0.3,0.005763147957623005,0.012883730418775267,0.008358844466704332,0.0071205824611522625,0.002595696509081327,-0.004524885952070935,158.0,132.0
P2P_B012,0.3,0.004712756723165512,0.0006417041788800426,0.0026643496129707123,0.0040710525442854695,0.0020484071101948,0.0020226454340906697,130.0,230.0
P2P_B012,0.3,0.008563382551074028,0.003669827528804487,0.007344828112512865,0.004893555022269541,0.0012185544385611632,0.003675000583708378,202.0,254.0
P2P_B012,0.3,0.010514618828892708,0.0033447804805898512,0.0075481069452275965,0.007169838348302857,0.0029665118836651114,0.004203326464637745,241.0,259.0
P2P_B012,0.5,0.01683957874774933,0.020713546716226897,0.04152372412053232,0.003873967968477568,0.02468414537278299,0.02081017740430542,134.0,328.0
P2P_B012,0.5,0.00446736253798008,0.03286092447284023,0.007387680361651196,0.028393561934860152,0.002920317823671116,-0.025473244111189036,46.0,18.0
P2P_B012,0.5,0.019670138135552406,0.02438275952487992,0.00879867271121914,0.004712621389327515,0.010871465424333267,-0.015584086813660782,154.0,81.0
P2P_B012,0.5,0.016123127192258835,0.03810908273416459,0.025968553129717208,0.021985955541905758,0.009845425937458373,-0.012140529604447385,130.0,123.0
P2P_B012,0.5,0.001261260244064033,0.012691233827940393,-9.204126055771533e-05,0.01142997358387636,0.0013533015046217484,-0.012783275088498108,25.0,116.0
P2P_B012,0.5,0.03299053758382797,0.02983004604846251,0.05027008544693434,0.0031604915353654617,0.01727954786310637,0.020440039398471832,241.0,326.0
P2P_B012,0.5,0.02081037312746048,0.033905354121855726,0.028800164978589553,0.013094980994395246,0.007989791851129073,-0.005105189143266173,164.0,184.0
P2P_B012,0.5,0.004480266943573952,0.030452907285852787,0.02224443827482589,0.025972640342278835,0.017764171331251938,-0.008208469011026898,47.0,160.0
P2P_B012,0.7,0.08479917049407959,0.07832410955290697,0.09797216264529092,0.006475060941172617,0.01317299215121133,0.019648053092383946,242.0,269.0
P2P_B012,0.7,0.007476707920432091,0.06332198114250105,0.01558696874605664,0.05584527322206896,0.008110260825624549,-0.04773501239644441,22.0,52.0
P2P_B012,0.7,0.09124504029750824,0.07843981403538507,0.11660731802391137,0.012805226262123173,0.025362277726403135,0.03816750398852631,262.0,311.0
P2P_B012,0.7,0.0015356811927631497,0.07040152716842218,0.005417409655234413,0.06886584597565903,0.0038817284624712636,-0.06498411751318778,13.0,8.0
P2P_B012,0.7,0.036361366510391235,0.09182855550729076,0.07700874265316021,0.05546718899689952,0.040647376142768976,-0.014819812854130546,83.0,168.0
P2P_B012,0.7,0.04968826845288277,0.07529783763289578,0.05171811139970702,0.025609569180013017,0.002029842946824255,-0.023579726233188762,140.0,128.0
P2P_B012,0.7,0.0880124419927597,0.06842003049174904,0.09630193788723701,0.019592411501010668,0.008289495894477306,0.027881907395487973,250.0,288.0
P2P_B012,0.7,0.05600275844335556,0.06816661088003907,0.10214511767521864,0.012163852436683512,0.04614235923186308,0.03397850679517957,160.0,302.0
P2P_B012,0.9,0.13861647248268127,0.2311689885790229,0.2290951280618425,0.09255251609634163,0.09047865557916124,-0.0020738605171803925,84.0,184.0
P2P_B012,0.9,0.18266627192497253,0.2095270623113215,0.2818979030455201,0.026860790386348976,0.09923163112054756,0.07237084073419858,154.0,312.0
P2P_B012,0.9,0.06427334994077682,0.21345797468993954,0.11095805959180505,0.14918462474916272,0.04668470965102822,-0.1024999150981345,22.0,42.0
P2P_B012,0.9,0.14645996689796448,0.21556998709792885,0.23018275790933987,0.06911002019996437,0.08372279101137539,0.014612770811411019,95.0,218.0
P2P_B012,0.9,0.13555866479873657,0.23152753674719326,0.24155590342445998,0.09596887194845669,0.10599723862572341,0.010028366677266726,82.0,210.0
P2P_B012,0.9,0.1264014095067978,0.2270400730764379,0.22165025067663435,0.1006386635696401,0.09524884116983656,-0.00538982239980354,73.0,179.0
P2P_B012,0.9,0.17505361139774323,0.21468266682318662,0.2591997082493014,0.0396290554254434,0.08414609685155816,0.04451704142611476,137.0,261.0
P2P_B012,0.9,0.016397081315517426,0.22555414987901515,-0.00601890809728553,0.20915706856349772,0.022415989412802956,-0.23157305797630068,6.0,1.0
P2P_B013,0.1,0.004528471734374762,0.020346462752439426,0.011328711941476347,0.015817991018064664,0.006800240207101585,-0.00901775081096308,241.0,63.0
P2P_B013,0.1,0.0015654866583645344,0.022534127090583653,0.004316962833064555,0.02096864043221912,0.002751476174700021,-0.018217164257519097,110.0,13.0
P2P_B013,0.1,0.00224322360008955,-0.0007979990007834781,0.003194909505065735,0.003041222600873028,0.000951685904976185,0.003992908505849213,139.0,262.0
P2P_B013,0.1,0.0003588245017454028,0.0006691513225314805,0.0036074695057785183,0.00031032682078607765,0.0032486450040331155,0.002938318183247038,56.0,250.0
P2P_B013,0.1,0.0029367723036557436,0.016279489888021872,0.008238122118108211,0.013342717584366129,0.005301349814452468,-0.008041367769913661,165.0,74.0
P2P_B013,0.1,0.0007574257906526327,-0.021039124546980828,-0.006937068437736935,0.02179655033763346,0.007694494228389567,0.014102056109243893,70.0,364.0
P2P_B013,0.1,0.0002094930096063763,-0.017029397492573595,0.0010437576641599416,0.01723889050217997,0.0008342646545535654,0.018073155156733536,38.0,381.0
P2P_B013,0.1,0.0017423280514776707,0.01172475372455685,0.0026802671947732254,0.009982425673079179,0.0009379391432955547,-0.009044486529783624,119.0,61.0
P2P_B013,0.3,0.0034339306876063347,0.02156143242355142,-0.004299701973910372,0.018127501735945087,0.007733632661516707,-0.025861134397461794,102.0,1.0
P2P_B013,0.3,0.007239380851387978,0.013458692686013185,0.009625652421723196,0.006219311834625207,0.002386271570335219,-0.0038330402642899886,181.0,149.0
P2P_B013,0.3,0.005213018041104078,0.030796317071502925,0.013774099771721192,0.025583299030398847,0.008561081730617114,-0.017022217299781733,143.0,9.0
P2P_B013,0.3,0.00038860453059896827,0.0027698053794474597,0.004541526945016118,0.0023812008488484915,0.00415292241441715,0.0017717215655686583,32.0,226.0
P2P_B013,0.3,0.018797457218170166,0.015355926432347337,0.007464502034818299,0.0034415307858228286,0.011332955183351867,-0.007891424397529039,322.0,85.0
P2P_B013,0.3,0.0013315360993146896,-0.010317206725983186,0.009315738331252106,0.011648742825297875,0.007984202231937416,0.019632945057235292,55.0,367.0
P2P_B013,0.3,2.485831282683648e-05,-0.006861521894127226,0.0007959547663664024,0.0068863802069540625,0.0007710964535395659,0.007657476660493628,17.0,308.0
P2P_B013,0.3,0.009541038423776627,0.03182364158139949,0.008237716523363449,0.022282603157622864,0.0013033219004131777,-0.023585925058036042,221.0,3.0
P2P_B013,0.5,0.0812990739941597,0.0366860657868629,0.09969723392584175,0.0446130082072968,0.018398159931682048,0.06301116813897885,365.0,384.0
P2P_B013,0.5,0.015235571190714836,0.035320683529819,0.014013389169198046,0.020085112339104164,0.0012221820215167906,-0.021307294360620954,123.0,38.0
P2P_B013,0.5,0.07090301066637039,0.05774935515925995,0.1103702080358902,0.013153655507110444,0.03946719736951981,0.05262085287663026,359.0,378.0
P2P_B013,0.5,0.01154155470430851,0.03467653236426077,0.021963748928394006,0.02313497765995226,0.010422194224085496,-0.012712783435866765,90.0,117.0
P2P_B013,0.5,0.032703861594200134,0.035542735851012516,0.057177449501583474,0.002838874256812382,0.02447358790738334,0.021634713650570958,239.0,332.0
P2P_B013,0.5,0.06585386395454407,0.035384823272668585,0.05335343400555356,0.030469040681875482,0.012500429948990505,0.017968610732884978,352.0,319.0
P2P_B013,0.5,0.03308099880814552,0.029354939366039737,0.04508980099641632,0.0037260594421057863,0.012008802188270794,0.01573486163037658,243.0,312.0
P2P_B013,0.5,0.018515022471547127,0.026280859129302434,0.024695017843345102,0.007765836657755307,0.006179995371797975,-0.0015858412859573318,148.0,215.0
P2P_B013,0.7,0.02050023525953293,0.07649303471461842,0.05963855440202932,0.05599279945508549,0.039138319142496394,-0.0168544803125891,41.0,159.0
P2P_B013,0.7,0.06941492855548859,0.06739296973740072,0.08645240289223646,0.0020219588180878656,0.017037474336747876,0.019059433154835742,205.0,268.0
P2P_B013,0.7,0.09271374344825745,0.07146352267877941,0.1547367958797863,0.021250220769478037,0.06202305243152886,0.0832732732010069,264.0,365.0
P2P_B013,0.7,0.06329838931560516,0.06685004323508531,0.06508433214651559,0.0035516539194801466,0.0017859428309104225,-0.0017657110885697241,190.0,210.0
P2P_B013,0.7,0.00029830646235495806,0.05934926226930938,0.00473130325112827,0.05905095580695442,0.004432996788773312,-0.05461795901818111,9.0,31.0
P2P_B013,0.7,0.09314876794815063,0.06039282025401715,0.11188303048015677,0.03275594769413349,0.018734262532006135,0.05149021022613962,266.0,332.0
P2P_B013,0.7,0.08883471041917801,0.06603742339944738,0.07816513201514146,0.022797287019730633,0.010669578404036553,0.01212770861569408,253.0,251.0
P2P_B013,0.7,0.10678771138191223,0.05241028101181555,0.09620058620220295,0.05437743037009668,0.010587125179709278,0.0437903051903874,289.0,325.0
P2P_B013,0.9,0.303493469953537,0.21193721032133078,0.3395351576566024,0.0915562596322062,0.03604168770306543,0.12759794733527163,315.0,365.0
P2P_B013,0.9,0.2945701479911804,0.2131961287579966,0.32829950077593817,0.08137401923318383,0.03372935278475775,0.11510337201794157,308.0,358.0
P2P_B013,0.9,0.2724960148334503,0.21814716351257513,0.28191114779018367,0.05434885132087519,0.009415132956733352,0.06376398427760854,284.0,298.0
P2P_B013,0.9,0.3415259122848511,0.21065195287734845,0.4041585212035267,0.13087395940750263,0.06263260891867561,0.19350656832617824,345.0,383.0
P2P_B013,0.9,0.3399893045425415,0.20592576410965346,0.3561179753225791,0.13406354043288804,0.0161286707800376,0.15019221121292564,344.0,374.0
P2P_B013,0.9,0.24430644512176514,0.21530939598080767,0.3231791094317446,0.028997049140957465,0.07887266430997947,0.10786971345093693,246.0,349.0
P2P_B013,0.9,0.209686279296875,0.21541486101456556,0.1970499624068177,0.005728581717690556,0.012636316890057286,-0.018364898607747843,196.0,147.0
P2P_B013,0.9,0.163701593875885,0.2075428763352761,0.1471761132512018,0.04384128245939109,0.016525480624683203,-0.06036676308407429,121.0,85.0
P2P_B014,0.1,0.0012918764259666204,0.001581852931463762,0.006670418766525507,0.0002899765054971415,0.005378542340558887,0.005088565835061745,95.0,281.0
P2P_B014,0.1,0.003084832802414894,0.003466516109979889,0.007872402560291751,0.000381683307564995,0.004787569757876857,0.004405886450311862,172.0,270.0
P2P_B014,0.1,0.0037758892867714167,-0.002649154227432407,0.0012527872456659928,0.006425043514203824,0.002523102041105424,0.0039019414730983998,209.0,260.0
P2P_B014,0.1,0.00748184509575367,0.004898869762980686,-0.0007986122276081864,0.002582975332772984,0.008280457323361856,-0.005697481990588872,310.0,88.0
P2P_B014,0.1,0.0014943722635507584,0.005132351979863413,0.005648864399640165,0.0036379797163126545,0.004154492136089406,0.0005165124197767518,106.0,197.0
P2P_B014,0.1,0.005351154133677483,0.008868299591582009,0.0015851462207887579,0.003517145457904526,0.0037660079128887247,-0.007283153370793251,265.0,77.0
P2P_B014,0.1,0.009463220834732056,0.020348558213507145,0.00046970496011380924,0.01088533737877509,0.008993515874618246,-0.019878853253393336,347.0,8.0
P2P_B014,0.1,0.00011079134128522128,-0.0005167548347414924,0.0024712822111728067,0.0006275461760267137,0.0023604908698875854,0.002988037045914299,27.0,251.0
P2P_B014,0.3,0.0002019269741140306,0.008498017312204863,0.005545181756804074,0.008296090338090832,0.005343254782690043,-0.0029528355554007887,29.0,163.0
P2P_B014,0.3,0.0338827446103096,0.010532270712737928,0.035663119351016126,0.023350473897571673,0.0017803747407065251,0.0251308486382782,373.0,381.0
P2P_B014,0.3,0.0035088001750409603,0.010303871015929368,0.0023293161861593775,0.006795070840888408,0.0011794839888815828,-0.00797455482976999,103.0,82.0
P2P_B014,0.3,0.0057295626029372215,0.019287648531753056,0.007969030932712395,0.013558085928815834,0.002239468329775174,-0.01131861759904066,157.0,45.0
P2P_B014,0.3,0.0015256251208484173,0.002541849159289608,0.003925300527925155,0.0010162240384411908,0.0023996754070767373,0.0013834513686355465,61.0,220.0
P2P_B014,0.3,0.00016237021191045642,0.015061084984040359,-0.0008437581233187719,0.014898714772129902,0.0010061283352292283,-0.01590484310735913,28.0,13.0
P2P_B014,0.3,0.0053695389069616795,0.006927768055820294,0.003376181005146084,0.0015582291488586142,0.0019933579018155956,-0.0035515870506742098,148.0,153.0
P2P_B014,0.3,0.008539571426808834,0.02368743195137059,0.008192465272684565,0.015147860524561754,0.0003471061541242687,-0.015494966678686023,201.0,15.0
P2P_B014,0.5,0.004694565664976835,0.017643245637457755,0.018980339069706857,0.01294867997248092,0.014285773404730022,0.001337093432249102,48.0,240.0
P2P_B014,0.5,0.022744344547390938,0.017719952986015718,0.012085201760950903,0.00502439156137522,0.010659142786440035,-0.005634751225064814,181.0,179.0
P2P_B014,0.5,0.04333590716123581,0.026369147772299407,0.03883511368237158,0.016966759388936402,0.004500793478864229,0.012465965910072173,289.0,296.0
P2P_B014,0.5,0.030346624553203583,0.04852747300789709,0.039968771534040104,0.018180848454693505,0.009622146980836521,-0.008558701473856983,224.0,156.0
P2P_B014,0.5,0.02924555540084839,0.02563463388720679,0.03114966157069162,0.0036109215136415976,0.0019041061698432324,0.00551502768348483,216.0,265.0
P2P_B014,0.5,0.023214539512991905,0.03890781056793942,0.029214205142636333,0.015693271054947514,0.005999665629644428,-0.009693605425303085,184.0,141.0
P2P_B014,0.5,0.01638123206794262,0.027757873930641393,0.012519587169836824,0.011376641862698773,0.0038616448981057955,-0.015238286760804569,132.0,89.0
P2P_B014,0.5,0.06534389406442642,0.03363371335029083,0.07087722868503772,0.031710180714135595,0.005533334620611299,0.037243515334746895,350.0,356.0
P2P_B014,0.7,0.09764467924833298,0.0580047583163893,0.088729369093552,0.03963992093194368,0.008915310154780975,0.0307246107771627,272.0,294.0
P2P_B014,0.7,0.011436273343861103,0.07657151466115944,0.014535942508043187,0.06513524131729834,0.003099669164182084,-0.06203557215311625,33.0,12.0
P2P_B014,0.7,0.022281423211097717,0.06191087777300328,0.03137081155052309,0.039629454561905565,0.009089388339425374,-0.03054006622248019,47.0,107.0
P2P_B014,0.7,0.10586340725421906,0.06602371962191432,0.09327581446798094,0.039839687632304735,0.012587592786238111,0.027252094846066624,288.0,286.0
P2P_B014,0.7,0.04144589602947235,0.061176489548288526,0.02810740863959841,0.019730593518816175,0.013338487389873942,-0.03306908090869012,107.0,98.0
P2P_B014,0.7,0.09040072560310364,0.060046222552334744,0.07846590217571062,0.030354503050768894,0.011934823427393021,0.018419679623375873,259.0,266.0
P2P_B014,0.7,0.04764130339026451,0.07146704912625153,0.056428845971874045,0.023825745735987017,0.008787542581609534,-0.015038203154377483,134.0,166.0
P2P_B014,0.7,0.05100438743829727,0.059723820476791006,0.032966326887638175,0.008719433038493735,0.018038060550659096,-0.02675749358915283,144.0,117.0
P2P_B014,0.9,0.16771018505096436,0.21163045316422785,0.1721008770189247,0.043920268113263494,0.004390691967960353,-0.03952957614530314,128.0,112.0
P2P_B014,0.9,0.23067349195480347,0.23290302368973925,0.29023060238506665,0.0022295317349357857,0.05955711043026318,0.0573275786953274,225.0,287.0
P2P_B014,0.9,0.14179028570652008,0.20736389756411672,0.22622413783363232,0.06557361185759664,0.08443385212711224,0.018860240269515605,90.0,226.0
P2P_B014,0.9,0.162325918674469,0.2157637056580064,0.17186568346215816,0.053437786983537405,0.00953976478768917,-0.043898022195848235,117.0,110.0
P2P_B014,0.9,0.2316960096359253,0.20206578046377138,0.27980207353747494,0.02963022917215391,0.048106063901549645,0.07773629307370356,227.0,322.0
P2P_B014,0.9,0.2834332585334778,0.2274403702506082,0.28099446692423236,0.05599288828286958,0.0024387916092454276,0.05355409667362415,293.0,277.0
P2P_B014,0.9,0.19415616989135742,0.21080966886509755,0.19845363093910862,0.016653498973740133,0.004297461047751194,-0.012356037925988939,172.0,161.0
P2P_B014,0.9,0.25029006600379944,0.1954650696981292,0.32281914886539126,0.054824996305670226,0.07252908286159182,0.12735407916726205,252.0,363.0
P2P_B015,0.1,0.0006583235808648169,0.011462396058271693,0.00594190658231071,0.010804072477406876,0.0052835830014458934,-0.005520489475960982,64.0,92.0
P2P_B015,0.1,0.0011463980190455914,-0.007419853589569314,0.0033111015916683084,0.008566251608614905,0.002164703572622717,0.010730955181237622,87.0,343.0
P2P_B015,0.1,0.005191628355532885,0.018116091437966324,0.006804281895150123,0.01292446308243344,0.0016126535396172384,-0.0113118095428162,258.0,42.0
P2P_B015,0.1,0.013777796179056168,0.029787036255227564,0.016751163719272842,0.016009240076171397,0.0029733675402166745,-0.013035872535954722,367.0,31.0
P2P_B015,0.1,0.003411044366657734,0.0009276072776289723,0.0028753195377716617,0.0024834370890287616,0.0005357248288860722,0.0019477122601426894,195.0,232.0
P2P_B015,0.1,0.003860986791551113,-0.01086181950104921,-0.00011799015640488741,0.014722806292600324,0.0039789769479560005,0.010743829344644323,210.0,344.0
P2P_B015,0.1,0.007573804818093777,0.01235290701116247,0.0076665668632981895,0.004779102193068693,9.276204520441284e-05,-0.0046863401478642805,314.0,103.0
P2P_B015,0.1,0.009122408926486969,0.02003041105390175,0.008380560603856162,0.01090800212741478,0.0007418483226308073,-0.011649850450045587,339.0,40.0
P2P_B015,0.3,0.030053574591875076,0.029564260305587536,0.03814812942400808,0.0004893142862875399,0.008094554832133005,0.008583869118420545,369.0,324.0
P2P_B015,0.3,0.0037479090970009565,0.012652321373051868,0.007602857967093694,0.008904412276050912,0.003854948870092738,-0.005049463405958174,109.0,124.0
P2P_B015,0.3,0.011732962913811207,0.016519637605666798,0.004188140582052552,0.004786674691855591,0.007544822331758655,-0.012331497023614246,261.0,36.0
P2P_B015,0.3,0.004800311755388975,0.02276692489157607,0.016301632488457403,0.017966613136187096,0.011501320733068428,-0.006465292403118668,133.0,106.0
P2P_B015,0.3,0.013675425201654434,0.009156934770577253,0.0064040527255841626,0.004518490431077181,0.007271372476070272,-0.0027528820449930907,281.0,166.0
P2P_B015,0.3,0.0054001878015697,0.015587579805982993,0.006725464363697614,0.010187392004413293,0.001325276562127914,-0.008862115442285379,149.0,67.0
P2P_B015,0.3,0.009551629424095154,0.018336424914460477,0.013402045617613434,0.008784795490365323,0.00385041619351828,-0.004934379296847043,222.0,126.0
P2P_B015,0.3,0.005340323317795992,0.011333884491875723,0.0006174172947548406,0.005993561174079731,0.004722906023041151,-0.010716467197120882,147.0,48.0
P2P_B015,0.5,0.044654201716184616,0.05895035833918081,0.045590534669868475,0.014296156622996194,0.0009363329536838591,-0.013359823669312335,297.0,111.0
P2P_B015,0.5,0.03058164194226265,0.028984496140822796,0.030678566221132117,0.0015971458014398532,9.692427886946742e-05,0.0016940700803093206,228.0,245.0
P2P_B015,0.5,0.01351844985038042,0.03379479843539199,0.010864582374100734,0.020276348585011567,0.0026538674762796866,-0.022930216061291253,104.0,30.0
P2P_B015,0.5,0.05351904034614563,0.03912891587531689,0.05489269237996477,0.014390124470828741,0.001373652033819138,0.01576377650464788,326.0,314.0
P2P_B015,0.5,0.022293811663985252,0.03389699705469446,0.01862354979984599,0.01160318539070921,0.003670261864139261,-0.015273447254848471,178.0,86.0
P2P_B015,0.5,0.01595105044543743,0.032186583156524944,0.024736298697403264,0.016235532711087512,0.008785248251965833,-0.00745028445912168,127.0,167.0
P2P_B015,0.5,0.053135085850954056,0.03355325195232086,0.05733268427303925,0.019581833898633196,0.004197598422085197,0.023779432320718392,325.0,339.0
P2P_B015,0.5,0.00039109771023504436,0.03090118707533901,0.009203708410784411,0.030510089365103965,0.008812610700549367,-0.021697478664554598,19.0,35.0
P2P_B015,0.7,0.08531525731086731,0.07543562505700113,0.09962688079815668,0.009879632253866177,0.014311623487289371,0.02419125574115555,244.0,277.0
P2P_B015,0.7,0.09219551831483841,0.08565211487784821,0.12579648829924953,0.006543403436990197,0.033600969984411116,0.040144373421401314,263.0,315.0
P2P_B015,0.7,0.0742819607257843,0.08509129078066027,0.08287798056706885,0.01080933005487597,0.008596019841284552,-0.0022133102135914184,218.0,206.0
P2P_B015,0.7,0.07920634001493454,0.0759512290597955,0.07563807301723298,0.003255110955139043,0.0035682669977015607,-0.00031315604256251794,228.0,214.0
P2P_B015,0.7,0.07832949608564377,0.08373653326918766,0.09460108607517301,0.005407037183543892,0.01627158998952924,0.010864552805985347,225.0,248.0
P2P_B015,0.7,0.04065069928765297,0.076668234788768,0.049151360419030524,0.03601753550111503,0.008500661131377554,-0.027516874369737473,103.0,114.0
P2P_B015,0.7,0.11748296022415161,0.08333069648090724,0.14480934961753356,0.03415226374324437,0.027326389393381945,0.061478653136626316,307.0,349.0
P2P_B015,0.7,0.033776722848415375,0.07461100730096276,0.022365809694718783,0.04083428445254739,0.011410913153696592,-0.05224519760624398,75.0,37.0
P2P_B015,0.9,0.17503933608531952,0.22641004900564324,0.19808928760130298,0.05137071292032372,0.023049951515983463,-0.028320761404340256,136.0,131.0
P2P_B015,0.9,0.16301217675209045,0.219334169658591,0.15326395552480232,0.056321992906500556,0.009748221227288134,-0.06607021413378869,118.0,79.0
P2P_B015,0.9,0.07835663110017776,0.2157774636582041,0.07692760063646645,0.13742083255802634,0.0014290304637113171,-0.13884986302173766,30.0,28.0
P2P_B015,0.9,0.24513989686965942,0.23365157581609378,0.3014117242395421,0.011488321053565648,0.056271827369882677,0.06776014842344832,248.0,307.0
P2P_B015,0.9,0.18107303977012634,0.20761023088444075,0.20447415785477605,0.026537191114314407,0.023401118084649702,-0.0031360730296647044,149.0,181.0
P2P_B015,0.9,0.29137733578681946,0.2072146603371572,0.31075133330124827,0.08416267544966224,0.01937399751442881,0.10353667296409105,303.0,345.0
P2P_B015,0.9,0.20974388718605042,0.20951149582875542,0.2071557222668731,0.0002323913572949976,0.0025881649191773215,-0.002355773561882324,197.0,183.0
P2P_B015,0.9,0.17193587124347687,0.22020883885522163,0.16110606672793548,0.048272967611744766,0.010829804515541386,-0.05910277212728615,132.0,88.0
P2P_B016,0.1,0.0005892341141588986,0.0030762761780958187,0.006144974272296433,0.00248704206393692,0.005555740158137534,0.0030686980942006142,61.0,253.0
P2P_B016,0.1,0.009375780820846558,0.024092399511188967,0.010479874066241061,0.014716618690342409,0.0011040932453945038,-0.013612525444947905,343.0,26.0
P2P_B016,0.1,0.014250926673412323,0.022332777284725693,0.011286991028753038,0.00808185061131337,0.002963935644659285,-0.011045786255972655,373.0,44.0
P2P_B016,0.1,0.0031961456406861544,0.00454671799542028,0.007754450803449817,0.0013505723547341253,0.004558305162763662,0.003207732808029537,179.0,255.0
P2P_B016,0.1,0.003681869711726904,0.014821868513093944,0.004862827804110084,0.01113999880136704,0.0011809580923831803,-0.00995904070898386,205.0,55.0
P2P_B016,0.1,0.00043648475548252463,-0.008290410506204604,0.0036281737606984332,0.008726895261687129,0.0031916890052159086,0.011918584266903037,59.0,352.0
P2P_B016,0.1,0.0006667220732197165,-0.0036381364033011565,0.004671000197767769,0.004304858476520873,0.004004278124548052,0.008309136601068925,65.0,319.0
P2P_B016,0.1,0.0013893030118197203,-0.00030147739780028715,0.0012730849197240407,0.0016907804096200074,0.00011621809209567957,0.0015745623175243278,100.0,221.0
P2P_B016,0.3,0.022950496524572372,0.0178276761686978,0.02305031131775523,0.005122820355874573,9.981479318285635e-05,0.005222635149057429,348.0,276.0
P2P_B016,0.3,0.004635525401681662,0.02069947644137366,0.025800574561213215,0.016063951039692,0.021165049159531553,0.005101098119839553,128.0,269.0
P2P_B016,0.3,0.02025839313864708,-0.007969846852289353,0.019557695931212704,0.028228239990936432,0.0007006972074343754,0.027527542783502057,335.0,382.0
P2P_B016,0.3,0.011112695559859276,0.016140477648355363,0.0017808639006445665,0.005027782088496087,0.00933183165921471,-0.014359613747710796,251.0,22.0
P2P_B016,0.3,0.009610526263713837,0.008101800079715477,0.0009513969097617869,0.0015087261839983601,0.00865912935395205,-0.00715040316995369,225.0,95.0
P2P_B016,0.3,0.005645344499498606,0.007350250575744108,0.011087434074045013,0.001704906076245502,0.005442089574546408,0.0037371834983009056,153.0,255.0
P2P_B016,0.3,0.01719295233488083,0.019382571396355325,0.020118323228857635,0.002189619061474496,0.002925370893976806,0.0007357518325023099,310.0,212.0
P2P_B016,0.3,0.016891460865736008,-0.005004788873501226,0.017976619268139114,0.021896249739237234,0.0010851584024031066,0.02298140814164034,309.0,375.0
P2P_B016,0.5,0.03263995423913002,0.04202073626591515,0.031039705678343604,0.009380782026785127,0.0016002485607864159,-0.010981030587571543,238.0,130.0
P2P_B016,0.5,0.04930104315280914,0.03681890739542299,0.04989608953708172,0.012482135757386152,0.000595046384272574,0.013077182141658726,312.0,302.0
P2P_B016,0.5,0.013331149704754353,0.03438574845792114,0.009465331503125701,0.021054598753166787,0.0038658182016286513,-0.024920416954795438,102.0,20.0
P2P_B016,0.5,0.050110943615436554,0.02058402197136501,0.06294358892333386,0.029526921644071544,0.012832645307897309,0.04235956695196885,315.0,366.0
P2P_B016,0.5,0.04102601855993271,0.02458708246325267,0.03468775012078116,0.01643893609668004,0.0063382684391515495,0.01010066765752849,281.0,282.0
P2P_B016,0.5,0.052977304905653,0.03119021538637254,0.054974523762403554,0.02178708951928046,0.0019972188567505544,0.023784308376031016,324.0,340.0
P2P_B016,0.5,0.030068770051002502,0.02952913169542358,0.0293652243956688,0.0005396383555789225,0.0007035456553337038,-0.00016390729975478135,222.0,222.0
P2P_B016,0.5,0.007419159635901451,0.021931050565090662,0.016291397746919824,0.014511890929189211,0.008872238111018373,-0.005639652818170839,63.0,178.0
P2P_B016,0.7,0.004188160877674818,0.06259640253243995,0.003191212954259018,0.05840824165476513,0.0009969479234158002,-0.05940518957818093,18.0,18.0
P2P_B016,0.7,0.030701011419296265,0.0899877384019948,0.04028807217604888,0.05928672698269853,0.009587060756752613,-0.04969966622594592,68.0,43.0
P2P_B016,0.7,0.13761106133460999,0.07018739085502604,0.16501654978724975,0.06742367047958395,0.027405488452639765,0.09482915893222371,338.0,374.0
P2P_B016,0.7,0.12341216206550598,0.06259640253243995,0.1231211023058353,0.06081575953306603,0.00029105975967068376,0.06052469977339535,324.0,348.0
P2P_B016,0.7,0.059828560799360275,0.09651606342307384,0.06300810199014108,0.036687502623713564,0.003179541190780802,-0.03350796143293276,175.0,96.0
P2P_B016,0.7,0.07055223733186722,0.0688639691243253,0.054995086599095716,0.0016882682075419209,0.015557150732771502,-0.013868882525229581,211.0,173.0
P2P_B016,0.7,0.04019448906183243,0.07733634936576136,0.03655762483314097,0.037141860303928936,0.003636864228691458,-0.040778724532620395,101.0,74.0
P2P_B016,0.7,0.18701434135437012,0.07372756817732884,0.17697020709800665,0.11328677317704128,0.010044134256363468,0.10324263892067781,368.0,377.0
P2P_B016,0.9,0.18388941884040833,0.22538186125101478,0.1633963882792785,0.041492442410606456,0.020493030561129832,-0.06198547297173629,159.0,83.0
P2P_B016,0.9,0.21715675294399261,0.21980238473272468,0.20855494223083482,0.0026456317887320613,0.008601810713157798,-0.01124744250188986,208.0,164.0
P2P_B016,0.9,0.2858165204524994,0.2281820094555953,0.26019148688158583,0.05763451099690409,0.025625033570913558,0.03200947742599053,295.0,242.0
P2P_B016,0.9,0.4494880139827728,0.21163959577758396,0.2661274949878574,0.23784841820518887,0.1833605189949154,0.05448789921027347,380.0,281.0
P2P_B016,0.9,0.12219473719596863,0.22958073585453465,0.0808464279247364,0.10738599865856602,0.04134830927123223,-0.14873430792979825,69.0,24.0
P2P_B016,0.9,0.19955550134181976,0.23513002247034248,0.17981926330095366,0.03557452112852272,0.019736238040866105,-0.05531075916938882,180.0,94.0
P2P_B016,0.9,0.3045094609260559,0.21175052312735626,0.299334426329648,0.09275893779869965,0.00517503459640789,0.08758390320229176,318.0,329.0
P2P_B016,0.9,0.3035973608493805,0.20236926624223622,0.26390416593552835,0.10122809460714427,0.03969319491385215,0.06153489969329212,316.0,293.0
P2P_B017,0.1,0.014367785304784775,0.013841534382529212,0.0022409731322292764,0.0005262509222555625,0.012126812172555498,-0.011600561250299936,374.0,41.0
P2P_B017,0.1,0.006415653042495251,0.00747241885337227,-0.0072045775384243504,0.0010567658108770195,0.013620230580919601,-0.01467699639179662,294.0,21.0
P2P_B017,0.1,0.009439382702112198,0.021973646628262046,0.004697582978367469,0.012534263926149848,0.004741799723744729,-0.017276063649894577,346.0,15.0
P2P_B017,0.1,0.005696446634829044,0.008652051614959334,0.00218852536748651,0.00295560498013029,0.003507921267342534,-0.006463526247472824,278.0,82.0
P2P_B017,0.1,0.004394222516566515,0.002513520303841568,0.003180368284210963,0.0018807022127249468,0.0012138542323555518,0.000666847980369395,235.0,201.0
P2P_B017,0.1,0.0047685629688203335,0.01437657244769644,0.011543087944741584,0.009608009478876106,0.006774524975921251,-0.0028334845029548555,250.0,134.0
P2P_B017,0.1,0.002129020169377327,-0.014532945877711728,-0.002708974781742174,0.016661966047089055,0.004837994951119501,0.011823971095969554,135.0,351.0
P2P_B017,0.1,0.0030019539408385754,0.010092410966136944,0.004740201248291415,0.007090457025298369,0.0017382473074528393,-0.00535220971784553,167.0,94.0
P2P_B017,0.3,0.003529883921146393,0.0074302630443810885,-0.00013582715109679289,0.0039003791232346957,0.0036657110722431857,-0.007566090195477881,105.0,89.0
P2P_B017,0.3,0.014456437900662422,0.004402503486253984,0.011945287243388975,0.010053934414408439,0.0025111506572734477,0.007542783757134991,288.0,307.0
P2P_B017,0.3,0.009706440381705761,-0.004770560330398063,-0.0026296803018728,0.014477000712103824,0.01233612068357856,0.0021408800285252633,229.0,235.0
P2P_B017,0.3,0.011282348074018955,0.007891298604879575,0.004723185652554168,0.0033910494691393803,0.006559162421464787,-0.0031681129523254067,255.0,158.0
P2P_B017,0.3,0.010672500357031822,0.01303312249960864,0.018125982692128534,0.002360622142576818,0.007453482335096712,0.0050928601925198935,244.0,268.0
P2P_B017,0.3,0.01143031194806099,0.016404878274466864,0.010382903763961948,0.004974566326405874,0.0010474081840990412,-0.0060219745105049155,258.0,110.0
P2P_B017,0.3,0.004589240998029709,0.015899672287196964,0.008743174850781445,0.011310431289167255,0.004153933852751736,-0.0071564974364155196,126.0,94.0
P2P_B017,0.3,0.004586494527757168,-0.002824066141799128,0.0016626103801871545,0.007410560669556296,0.0029238841475700134,0.0044866765219862825,125.0,260.0
P2P_B017,0.5,0.011295709758996964,0.02792943101076084,0.01237668484221497,0.016633721251763878,0.0010809750832180068,-0.015552746168545871,88.0,83.0
P2P_B017,0.5,0.07013335078954697,0.03286219472114656,0.057009379604303884,0.0372711560684004,0.013123971185243083,0.02414718488315732,357.0,341.0
P2P_B017,0.5,0.05623336136341095,0.03643463198643218,0.04528789522091149,0.01979872937697877,0.010945466142499458,0.008853263234479311,330.0,275.0
P2P_B017,0.5,0.007572886999696493,0.02625124106532436,0.02701573351658617,0.018678354065627865,0.019442846516889677,0.0007644924512618112,66.0,234.0
P2P_B017,0.5,0.06411745399236679,0.03240057560251117,0.04815585858929923,0.031716878389855624,0.01596159540306756,0.015755282986788063,348.0,313.0
P2P_B017,0.5,0.021327845752239227,0.018855212018099532,0.018785080987233,0.0024726337341396953,0.002542764765006228,-7.01310308665326e-05,173.0,224.0
P2P_B017,0.5,0.022998394444584846,0.028039404631319,0.006826179146178037,0.0050410101867341545,0.01617221529840681,-0.021213225485140964,182.0,39.0
P2P_B017,0.5,0.024838179349899292,0.03889518099649303,0.02220609480406613,0.014057001646593736,0.002632084545833163,-0.0166890861924269,193.0,68.0
P2P_B017,0.7,0.09923294186592102,0.08653453948254933,0.11182116391084967,0.012698402383371693,0.012588222044928654,0.025286624428300347,277.0,282.0
P2P_B017,0.7,0.13510076701641083,0.07137556842031999,0.08817079785853812,0.06372519859609084,0.0469299691578727,0.016795229438218137,333.0,264.0
P2P_B017,0.7,0.05306825041770935,0.06689745413708478,0.061805075805530026,0.013829203719375432,0.008736825387820675,-0.0050923783315547574,149.0,197.0
P2P_B017,0.7,0.03785376250743866,0.06259290490730218,0.03009785236362815,0.024739142399863523,0.00775591014381051,-0.03249505254367403,92.0,100.0
P2P_B017,0.7,0.09377215802669525,0.07464168715136185,0.1062556166316311,0.0191304708753334,0.012483458604935854,0.031613929480269254,268.0,296.0
P2P_B017,0.7,0.14744526147842407,0.08670583987638981,0.14290331523566352,0.06073942160203426,0.004541946242760553,0.056197475359273705,348.0,340.0
P2P_B017,0.7,0.13527682423591614,0.06727277984888645,0.11178801819565275,0.06800404438702969,0.02348880604026339,0.044515238346766295,334.0,327.0
P2P_B017,0.7,0.12184232473373413,0.07018242459476906,0.07604382802413241,0.05165990013896507,0.04579849670960172,0.005861403429363352,321.0,234.0
P2P_B017,0.9,0.18307356536388397,0.20276628003888242,0.15456872995800564,0.019692714674998446,0.028504835405878337,-0.04819755008087678,157.0,104.0
P2P_B017,0.9,0.29563286900520325,0.22192056130659904,0.2804169299596215,0.07371230769860421,0.015215939045581772,0.058496368653022435,310.0,290.0
P2P_B017,0.9,0.15809670090675354,0.2122134973090783,0.15218293158703883,0.05411679640232475,0.005913769319714712,-0.060030565722039464,110.0,86.0
P2P_B017,0.9,0.24290263652801514,0.22669344802929892,0.22584245853229223,0.01620918849871622,0.017060177995722903,-0.0008509894970066822,244.0,188.0
P2P_B017,0.9,0.19417257606983185,0.20561200839835808,0.19716467317007813,0.011439432328526233,0.0029920971002462826,-0.00844733522827995,173.0,171.0
P2P_B017,0.9,0.14404350519180298,0.2034091375010746,0.1297319274634784,0.05936563230927161,0.014311577728324587,-0.0736772100375962,93.0,72.0
P2P_B017,0.9,0.2676983177661896,0.21296327003210702,0.2850192618353871,0.054735047734082554,0.01732094406919754,0.0720559918032801,280.0,310.0
P2P_B017,0.9,0.13435712456703186,0.19421156615586455,0.1348758166211682,0.059854441588832685,0.0005186920541363493,-0.059335749534696336,80.0,87.0
P2P_B018,0.1,0.005624446086585522,0.010925662370740497,0.00867841639085707,0.005301216284154975,0.0030539703042715485,-0.0022472459798834263,275.0,149.0
P2P_B018,0.1,0.004288791678845882,0.02585059889251118,0.012741212133754225,0.021561807213665296,0.008452420454908342,-0.013109386758756954,229.0,30.0
P2P_B018,0.1,0.004421197809278965,0.0028442842331559137,0.004628617390640043,0.0015769135761230513,0.0002074195813610777,0.001784333157484129,238.0,227.0
P2P_B018,0.1,0.024955352768301964,0.028548116772348385,0.010132147332883139,0.003592764004046421,0.014823205435418825,-0.018415969439465246,383.0,12.0
P2P_B018,0.1,0.012087159790098667,0.013046737519421647,0.009524933700502843,0.0009595777293229801,0.0025622260895958246,-0.0035218038189188047,360.0,119.0
P2P_B018,0.1,0.003946808632463217,0.006129894666926108,0.0072026766629970165,0.0021830860344628916,0.0032558680305337998,0.0010727819960709081,214.0,213.0
P2P_B018,0.1,0.012081405147910118,0.019876867265722534,0.004022275189549451,0.007795462117812416,0.008059129958360667,-0.015854592076173082,359.0,18.0
P2P_B018,0.1,0.008099607191979885,0.014151675957265887,0.010403824194495058,0.006052068765286002,0.002304217002515173,-0.003747851762770829,324.0,116.0
P2P_B018,0.3,0.007959727197885513,0.029212980128859665,0.013653872352611666,0.021253252930974152,0.005694145154726153,-0.015559107776247999,192.0,14.0
P2P_B018,0.3,0.005959892179816961,0.01404451947805406,0.009198877300204217,0.008084627298237099,0.0032389851203872555,-0.004845642177849843,162.0,130.0
P2P_B018,0.3,0.02107512764632702,0.011065073878227166,0.025468591437016283,0.010010053768099852,0.004393463790689264,0.014403517558789117,340.0,352.0
P2P_B018,0.3,0.01527340617030859,0.016737078143866393,0.016154271276428843,0.0014636719735578035,0.000880865106120253,-0.0005828068674375506,298.0,203.0
P2P_B018,0.3,0.004164477810263634,0.012008389491589402,0.005113190028490706,0.007843911681325769,0.0009487122182270727,-0.006895199463098696,117.0,98.0
P2P_B018,0.3,0.01943216472864151,0.02134184562876417,0.024131993744564893,0.0019096809001226608,0.004699829015923383,0.0027901481158007224,327.0,242.0
P2P_B018,0.3,0.008200646378099918,0.02323975007644028,0.008025647913836302,0.015039103698340363,0.00017499846426361626,-0.015214102162603979,195.0,16.0
P2P_B018,0.3,0.006156268063932657,0.010712524237047938,0.0053434088868283686,0.004556256173115281,0.0008128591771042887,-0.005369115350219569,165.0,118.0
P2P_B018,0.5,0.023570578545331955,0.037489739581601934,0.018431026606979616,0.01391916103626998,0.005139551938352339,-0.01905871297462232,188.0,52.0
P2P_B018,0.5,0.02505815401673317,0.031177052091832726,0.023611843845470694,0.006118898075099556,0.0014463101712624757,-0.007565208246362032,196.0,165.0
P2P_B018,0.5,0.045716170221567154,0.03535182105458193,0.03304954068381626,0.010364349166985226,0.012666629537750891,-0.002302280370765665,299.0,209.0
P2P_B018,0.5,0.07199276983737946,0.047719508663608905,0.09098228897427438,0.02427326117377055,0.018989519136894922,0.04326278031066547,360.0,368.0
P2P_B018,0.5,0.013097556307911873,0.04256031988627212,0.02044941101908159,0.029462763578360245,0.007351854711169718,-0.022110908867190526,100.0,34.0
P2P_B018,0.5,0.04030465707182884,0.01837802979272335,0.03148817868256765,0.021926627279105493,0.008816478389261195,0.013110148889844297,278.0,303.0
P2P_B018,0.5,0.025037351995706558,0.039254952543215094,0.015769261547330396,0.014217600547508535,0.009268090448376162,-0.023485690995884698,195.0,26.0
P2P_B018,0.5,0.039388563483953476,0.04637218051758203,0.03777290392649242,0.006983617033628556,0.001615659557461055,-0.00859927659108961,272.0,155.0
P2P_B018,0.7,0.15831206738948822,0.06765186059387375,0.1279407681126953,0.09066020679561447,0.030371299276792912,0.06028890751882156,356.0,347.0
P2P_B018,0.7,0.15184928476810455,0.0793773242589711,0.14111834403097828,0.07247196050913346,0.010730940737126271,0.06174101977200719,353.0,350.0
P2P_B018,0.7,0.11948131769895554,0.08170882157224413,0.08501138044642498,0.03777249612671141,0.03446993725253056,0.00330255887418085,313.0,227.0
P2P_B018,0.7,0.14483259618282318,0.0909536443142522,0.14862952411470876,0.05387895186857099,0.003796927931885574,0.05767587980045656,345.0,345.0
P2P_B018,0.7,0.05681092292070389,0.06990076357721363,0.04605020825495183,0.01308984065650974,0.010760714665752055,-0.023850555322261796,165.0,127.0
P2P_B018,0.7,0.09066509455442429,0.07939233512172608,0.1045828836543574,0.011272759432698204,0.013917789099933117,0.02519054853263132,260.0,280.0
P2P_B018,0.7,0.1216355562210083,0.07186066597153265,0.08752589772810282,0.04977489024947565,0.03410965849290548,0.01566523175657017,320.0,260.0
P2P_B018,0.7,0.09786392748355865,0.09293684791284985,0.08221245721251669,0.0049270795707088005,0.015651470271041967,-0.010724390700333167,273.0,181.0
P2P_B018,0.9,0.19557827711105347,0.19940425692989477,0.17031227305667468,0.0038259798188413074,0.025266004054378788,-0.029091983873220095,174.0,128.0
P2P_B018,0.9,0.3857959806919098,0.19703668659958834,0.3408727323878732,0.18875929409232145,0.0449232483040366,0.14383604578828485,364.0,369.0
P2P_B018,0.9,0.23410415649414062,0.21409696039508141,0.1916032344756112,0.02000719609905921,0.042500922018529425,-0.022493725919470214,235.0,142.0
P2P_B018,0.9,0.3863295614719391,0.2289290889409033,0.3484584779504585,0.15740047253103578,0.03787108352148061,0.11952938900955518,365.0,361.0
P2P_B018,0.9,0.24452634155750275,0.21757569203227184,0.28406195772365883,0.026950649525230908,0.039535616166156085,0.06648626569138699,247.0,305.0
P2P_B018,0.9,0.19878050684928894,0.23667849198395924,0.2454544127127874,0.0378979851346703,0.046673905863498455,0.008775920728828157,179.0,208.0
P2P_B018,0.9,0.16915076971054077,0.21235474432554802,0.22082802323076967,0.043203974615007246,0.051677253520228894,0.008473278905221648,129.0,206.0
P2P_B018,0.9,0.12234428524971008,0.22155758829547528,0.14838461589310808,0.0992133030457652,0.026040330643398002,-0.0731729724023672,70.0,73.0
P2P_B019,0.1,0.0033242027275264263,0.00045037236444248063,0.002756760190339061,0.0028738303630839457,0.0005674425371873654,0.0023063878258965803,187.0,241.0
P2P_B019,0.1,0.005433235317468643,-0.00767286591095101,-0.0010958188318799245,0.013106101228419653,0.006529054149348568,0.0065770470790710855,269.0,302.0
P2P_B019,0.1,0.00935083907097578,0.0030155483509321374,0.005024240527717327,0.006335290720043643,0.004326598543258453,0.00200869217678519,342.0,233.0
P2P_B019,0.1,0.0028172065503895283,0.011148318945080851,0.007947940446630553,0.008331112394691323,0.005130733896241024,-0.0032003784984502986,158.0,129.0
P2P_B019,0.1,0.013149760663509369,0.009902858656141954,0.009442847677660418,0.003246902007367415,0.003706912985848951,-0.00046001097848153566,365.0,183.0
P2P_B019,0.1,0.004856915213167667,0.014581905348252627,0.008950919941916276,0.00972499013508496,0.004094004728748608,-0.0056309854063363515,253.0,90.0
P2P_B019,0.1,0.004247435834258795,0.00977950231338242,0.007448448333449133,0.005532066479123625,0.003201012499190338,-0.002331053979933287,226.0,144.0
P2P_B019,0.1,0.007028909865766764,0.005249867148266876,0.006935690873015703,0.0017790427174998874,9.321899275106099e-05,0.0016858237247488264,307.0,225.0
P2P_B019,0.3,0.010481616482138634,0.025808882047791915,0.012396010643488213,0.01532726556565328,0.0019143941613495793,-0.013412871404303701,239.0,27.0
P2P_B019,0.3,0.02077234536409378,0.036312156974669205,0.02783517542019276,0.015539811610575424,0.007062830056098979,-0.008476981554476445,339.0,71.0
P2P_B019,0.3,0.014841564930975437,0.017796488771807013,0.013272661576123036,0.002954923840831576,0.001568903354852401,-0.004523827195683977,292.0,133.0
P2P_B019,0.3,0.024682803079485893,0.009916118349971775,0.024732090713850116,0.014766684729514118,4.92876343642229e-05,0.01481597236387834,356.0,354.0
P2P_B019,0.3,0.04107091948390007,0.025336444384771693,0.03443760330254536,0.015734475099128377,0.006633316181354709,0.009101158917773668,380.0,328.0
P2P_B019,0.3,0.011749266646802425,0.009880999288405412,0.004495569236525693,0.0018682673583970133,0.007253697410276733,-0.005385430051879719,262.0,117.0
P2P_B019,0.3,0.01079524215310812,0.01342848745932615,0.008119795705469703,0.0026332453062180294,0.0026754464476384174,-0.005308691753856447,248.0,120.0
P2P_B019,0.3,0.0436115488409996,0.015367109932539626,0.032878263926901,0.028244438908459978,0.010733284914098605,0.017511153994361373,382.0,363.0
P2P_B019,0.5,0.04242502152919769,0.042296151504966024,0.026709088540903807,0.00012887002423166843,0.015715932988293886,-0.015587062964062218,286.0,80.0
P2P_B019,0.5,0.08730306476354599,0.027598931762215034,0.05987818114621162,0.059704133001330956,0.027424883617334368,0.03227924938399659,374.0,352.0
P2P_B019,0.5,0.03676958009600639,0.029492267741993275,0.025301888152719283,0.0072773123540131185,0.01146769194328711,-0.004190379589273992,258.0,193.0
P2P_B019,0.5,0.02081533521413803,0.022580978632657754,0.005961113181077796,0.0017656434185197231,0.014854222033060235,-0.01661986545157996,165.0,69.0
P2P_B019,0.5,0.02332915924489498,0.03867164666675661,0.011070778567183893,0.01534248742186163,0.012258380677711088,-0.02760086809957272,186.0,9.0
P2P_B019,0.5,0.044488999992609024,0.03452442276616116,0.030752122702968135,0.009964577226447863,0.01373687728964089,-0.0037723000631930265,296.0,197.0
P2P_B019,0.5,0.005284545943140984,0.024198625824424273,0.00941806667750679,0.01891407988128329,0.004133520734365806,-0.014780559146917484,51.0,95.0
P2P_B019,0.5,0.04186759889125824,0.027509668124408006,0.01874807409681642,0.014357930766850234,0.02311952479444182,-0.008761594027591586,284.0,151.0
P2P_B019,0.7,0.1880648285150528,0.08850645356214397,0.17409289259109073,0.09955837495290883,0.013971935923962064,0.08558643902894676,369.0,367.0
P2P_B019,0.7,0.1657746583223343,0.07231451593546669,0.10534192108581777,0.0934601423868676,0.060432737236516515,0.03302740515035109,363.0,300.0
P2P_B019,0.7,0.13248009979724884,0.08620562158103036,0.11278845638466531,0.04627447821621848,0.01969164341258353,0.02658283480363495,330.0,285.0
P2P_B019,0.7,0.15315906703472137,0.07892500009473664,0.11757429076561293,0.07423406693998473,0.03558477626910844,0.03864929067087629,354.0,312.0
P2P_B019,0.7,0.13913893699645996,0.062102749767492506,0.11556533181904885,0.07703618722896746,0.02357360517741111,0.053462582051556344,339.0,334.0
P2P_B019,0.7,0.23521731793880463,0.06568910893892013,0.15557977250325392,0.1695282089998845,0.07963754543555071,0.08989066356433378,381.0,368.0
P2P_B019,0.7,0.20114779472351074,0.06699752731704928,0.16669026289130212,0.13415026740646147,0.03445753183220862,0.09969273557425284,374.0,375.0
P2P_B019,0.7,0.12024248391389847,0.08000239099316961,0.10288165985380641,0.04024009292072886,0.017360824060092053,0.022879268860636806,317.0,274.0
P2P_B019,0.9,0.40003275871276855,0.21110620923739626,0.3129623367116267,0.1889265494753723,0.08707042200114185,0.10185612747423045,370.0,344.0
P2P_B019,0.9,0.15195584297180176,0.20818856135320413,0.07508031528581031,0.05623271838140237,0.07687552768599144,-0.1331082460673938,103.0,31.0
P2P_B019,0.9,0.3955288231372833,0.21534080813030793,0.3162811439654304,0.1801880150069754,0.07924767917185294,0.10094033583512246,368.0,340.0
P2P_B019,0.9,0.418112188577652,0.22007298192577524,0.3019523921729689,0.19803920665187674,0.1161597964046831,0.08187941024719364,372.0,326.0
P2P_B019,0.9,0.45717936754226685,0.2169489930609413,0.3860876584766996,0.24023037448132556,0.07109170906556722,0.16913866541575834,381.0,381.0
P2P_B019,0.9,0.35735633969306946,0.20947143316085415,0.2676776784977348,0.1478849065322153,0.08967866119533469,0.058206245336880624,352.0,289.0
P2P_B019,0.9,0.42428237199783325,0.2088726173076647,0.3607704162789068,0.21540975469016854,0.06351195571892643,0.15189779897124212,374.0,375.0
P2P_B019,0.9,0.5729694366455078,0.21630557172480902,0.43781385241897114,0.3566638649206988,0.13515558422653667,0.22150828069416212,384.0,384.0
P2P_B020,0.1,0.00412835692986846,0.010981921008289167,0.00767027295114546,0.006853564078420707,0.003541916021277,-0.003311648057143707,221.0,122.0
P2P_B020,0.1,0.0019450493855401874,-0.006327984838213702,-0.005552646803507547,0.008273034223753889,0.007497696189047734,0.000775338034706155,125.0,205.0
P2P_B020,0.1,0.0011441854294389486,-0.00464959532078861,0.0018036755886158412,0.005793780750227559,0.0006594901591768926,0.006453270909404452,86.0,299.0
P2P_B020,0.1,0.003764251945540309,-0.010324560839157754,0.002475064425738596,0.014088812784698063,0.0012891875198017128,0.01279962526489635,208.0,356.0
P2P_B020,0.1,0.0012467907508835196,-0.015185319266463437,-0.0008183551164587799,0.016432110017346957,0.0020651458673422995,0.014366964150004657,92.0,366.0
P2P_B020,0.1,0.00344050582498312,-0.0051745932568192515,0.0013703671412134688,0.008615099081802371,0.002070138683769651,0.00654496039803272,196.0,301.0
P2P_B020,0.1,0.0016506544779986143,-0.0038435562331649437,0.0024409508346378284,0.005494210711163558,0.000790296356639214,0.006284507067802772,115.0,297.0
P2P_B020,0.1,0.0027131757233291864,0.014420474259533078,0.0083152243879396,0.011707298536203892,0.005602048664610414,-0.006105249871593478,156.0,84.0
P2P_B020,0.3,0.0024917065165936947,-0.005867290206220788,-0.004352594743768104,0.008358996722814482,0.006844301260361799,0.0015146954624526837,88.0,222.0
P2P_B020,0.3,0.013369944877922535,0.0008112747481759663,0.010223073848933971,0.012558670129746569,0.003146871028988564,0.009411799100758005,276.0,333.0
P2P_B020,0.3,0.0015012905932962894,0.010878679317229703,-0.0005637279121010474,0.009377388723933414,0.002065018505397337,-0.01144240722933075,60.0,42.0
P2P_B020,0.3,0.0006878220592625439,-0.0036088008572525976,0.0026125710515810946,0.0042966229165151415,0.0019247489923185507,0.006221371908833692,39.0,290.0
P2P_B020,0.3,0.006700174417346716,0.006015140793375125,0.029653522059423662,0.0006850336239715912,0.022953347642076946,0.023638381266048537,169.0,378.0
P2P_B020,0.3,0.00931622926145792,0.003483383858999642,0.01148985418204404,0.005832845402458278,0.0021736249205861202,0.008006470323044398,217.0,317.0
P2P_B020,0.3,0.0022353208623826504,0.011347157939214605,0.011036780089246266,0.009111837076831955,0.008801459226863616,-0.00031037784996833934,75.0,204.0
P2P_B020,0.3,0.02032594010233879,0.0016950678693026383,0.02128619098836068,0.018630872233036153,0.0009602508860218906,0.019591123119058043,336.0,365.0
P2P_B020,0.5,0.019078411161899567,0.03660172053284461,0.017886532412242834,0.017523309370945046,0.001191878749656733,-0.01871518812060178,151.0,56.0
P2P_B020,0.5,0.043954651802778244,0.025164293156284878,0.06667188241490504,0.018790358646493366,0.0227172306121268,0.041507589258620164,294.0,364.0
P2P_B020,0.5,0.012149729765951633,0.029544084487249045,0.011547681961205349,0.01739435472129741,0.0006020478047462849,-0.017996402526043696,94.0,60.0
P2P_B020,0.5,0.04017288610339165,0.032219799096649654,0.04730969108905896,0.007953087006741993,0.007136804985667315,0.015089891992409309,277.0,308.0
P2P_B020,0.5,0.014179890044033527,0.048053583986177255,0.02284389122721859,0.03387369394214373,0.008664001183185062,-0.025209692758958666,110.0,19.0
P2P_B020,0.5,0.03892143815755844,0.0343827878399091,0.05938357344353144,0.004538650317649343,0.020462135285973,0.025000785603622344,269.0,344.0
P2P_B020,0.5,0.017148638144135475,0.032659926162560866,0.022155409461661744,0.015511288018425391,0.005006771317526269,-0.010504516700899122,136.0,135.0
P2P_B020,0.5,0.031942129135131836,0.0349959612911483,0.055910257870021976,0.003053832156016463,0.02396812873489014,0.020914296578873677,235.0,330.0
P2P_B020,0.7,0.07156044989824295,0.08424321373559725,0.09629326306518192,0.012682763837354297,0.02473281316693897,0.012050049329584672,215.0,250.0
P2P_B020,0.7,0.054727956652641296,0.06800834214181702,0.06992496827350583,0.01328038548917572,0.015197011620864537,0.0019166261316888172,156.0,222.0
P2P_B020,0.7,0.04583645612001419,0.06994163966250194,0.047461688322094506,0.02410518354248775,0.001625232202080315,-0.022479951340407436,126.0,133.0
P2P_B020,0.7,0.04154149442911148,0.0704825243404401,0.04030435730048669,0.028941029911328617,0.0012371371286247906,-0.030178167039953407,109.0,109.0
P2P_B020,0.7,0.10719534009695053,0.06833756933330379,0.14870016570281008,0.03885777076364674,0.04150482560585955,0.0803625963695063,290.0,362.0
P2P_B020,0.7,0.0981663167476654,0.07291645312083202,0.09777761850739476,0.025249863626833388,0.0003886982402706435,0.024861165386562745,275.0,278.0
P2P_B020,0.7,0.05939843878149986,0.0638288382897491,0.10002639347159756,0.004430399508249236,0.040627954690097695,0.03619755518184846,173.0,309.0
P2P_B020,0.7,0.04903414845466614,0.06809562505333386,0.06393094036071378,0.01906147659866772,0.014896791906047646,-0.004164684692620074,139.0,200.0
P2P_B020,0.9,0.10295350849628448,0.20603293943791923,0.12580961178177769,0.10307943094163474,0.0228561032854932,-0.08022332765614154,47.0,62.0
P2P_B020,0.9,0.16983717679977417,0.21113796728039225,0.23717882766260295,0.04130079048061808,0.06734165086282878,0.026040860382210707,131.0,230.0
P2P_B020,0.9,0.2580423355102539,0.22478434945446085,0.32639348128953155,0.033257986055793054,0.06835114577927764,0.1016091318350707,264.0,343.0
P2P_B020,0.9,0.21062099933624268,0.19645563953069523,0.2364072901422421,0.01416535980554745,0.025786290805999423,0.039951650611546874,199.0,255.0
P2P_B020,0.9,0.2314542531967163,0.20928504148581895,0.2651114264799533,0.022169211710897363,0.033657173283236974,0.05582638499413434,226.0,283.0
P2P_B020,0.9,0.14663754403591156,0.20643210036982024,0.20452718016281213,0.05979455633390868,0.05788963612690057,-0.0019049202070081095,96.0,185.0
P2P_B020,0.9,0.17439013719558716,0.19818037260596577,0.20210827608297383,0.023790235410378613,0.027718138887386667,0.0039279034770080545,135.0,195.0
P2P_B020,0.9,0.1894524097442627,0.19294906822943786,0.1925778442194036,0.0034966584851751636,0.003125434475140909,-0.00037122401003425454,165.0,190.0
P2P_B021,0.1,0.00905799400061369,0.016287009781587446,0.010440919092649964,0.007229015780973756,0.0013829250920362746,-0.005846090688937482,337.0,87.0
P2P_B021,0.1,0.009439321234822273,0.012956059139829217,0.006258407354682902,0.0035167379050069433,0.0031809138801393716,-0.006697651785146315,345.0,80.0
P2P_B021,0.1,0.004393836949020624,0.01870004181380213,0.010452544735122561,0.014306204864781506,0.006058707786101937,-0.00824749707867957,234.0,68.0
P2P_B021,0.1,0.005207751877605915,0.018645355357693114,0.011631496968832943,0.013437603480087199,0.0064237450912270275,-0.007013858388860171,260.0,78.0
P2P_B021,0.1,0.004409909248352051,0.014259986929251886,0.004434844960628792,0.009850077680899835,2.4935712276741295e-05,-0.009825141968623094,236.0,57.0
P2P_B021,0.1,0.005203588865697384,0.03402381061264737,0.014438037966786596,0.028820221746949988,0.009234449101089212,-0.019585772645860776,259.0,9.0
P2P_B021,0.1,0.0033717285841703415,0.01161688032323914,0.010253415952877966,0.008245151739068798,0.006881687368707624,-0.001363464370361174,193.0,168.0
P2P_B021,0.1,0.005673646926879883,0.00961122249937825,0.003094102587743508,0.003937575572498367,0.002579544339136375,-0.006517119911634742,277.0,81.0
P2P_B021,0.3,0.004895311780273914,0.018052572448245936,0.007895348072896304,0.013157260667972022,0.003000036292622389,-0.010157224375349633,136.0,55.0
P2P_B021,0.3,0.007657693233340979,0.010030348415028388,0.006120863092761011,0.0023726551816874095,0.0015368301405799673,-0.003909485322267377,187.0,147.0
P2P_B021,0.3,0.010302071459591389,0.006333346489993973,0.007563448847230134,0.003968724969597416,0.002738622612361255,0.001230102357236161,236.0,218.0
P2P_B021,0.3,0.007638293784111738,0.0029854565630750285,-0.00016214170058753696,0.00465283722103671,0.007800435484699275,-0.0031475982636625655,186.0,159.0
P2P_B021,0.3,0.009638725779950619,0.019103414215101935,0.012398879481498828,0.009464688435151317,0.0027601537015482097,-0.006704534733603107,227.0,102.0
P2P_B021,0.3,0.011149718426167965,0.009052831240363893,0.008089464785205489,0.002096887185804072,0.0030602536409624764,-0.0009633664551584042,253.0,197.0
P2P_B021,0.3,0.004285859875380993,0.019722446398227976,0.010653284050631956,0.015436586522846983,0.006367424175250963,-0.00906916234759602,122.0,64.0
P2P_B021,0.3,0.006130723282694817,0.008871145775632784,0.006086317585104563,0.0027404224929379675,4.4405697590253757e-05,-0.0027848281905282213,164.0,165.0
P2P_B021,0.5,0.04105789586901665,0.03627407429853789,0.04630648957938387,0.004783821570478755,0.005248593710367219,0.010032415280845974,282.0,281.0
P2P_B021,0.5,0.021231025457382202,0.0334737223322789,0.018105607530201753,0.012242696874896701,0.003125417927180449,-0.01536811480207715,170.0,84.0
P2P_B021,0.5,0.01054641418159008,0.03653602912297607,0.010697617793038967,0.02598961494138599,0.0001512036114488871,-0.025838411329937104,82.0,16.0
P2P_B021,0.5,0.0023854088503867388,0.04987394313529977,0.017272533776322943,0.04748853428491303,0.014887124925936204,-0.032601409358976825,36.0,1.0
P2P_B021,0.5,0.029349446296691895,0.032608094682544796,0.01749798640047885,0.003258648385852901,0.011851459896213043,-0.015110108282065944,217.0,91.0
P2P_B021,0.5,0.034992098808288574,0.0542009496252232,0.04526314355123001,0.019208850816934624,0.010271044742941438,-0.008937806073993186,249.0,150.0
P2P_B021,0.5,0.017828145995736122,0.03563711618907799,0.017937055413390142,0.01780897019334187,0.00010890941765401979,-0.01770006077568785,142.0,63.0
P2P_B021,0.5,0.03430360183119774,0.042411532864439785,0.02715439825697106,0.008107931033242047,0.00714920357422668,-0.015257134607468727,247.0,88.0
P2P_B021,0.7,0.02685648575425148,0.06844171999504207,0.01982499196136029,0.041585234240790594,0.00703149379289119,-0.048616728033681784,55.0,47.0
P2P_B021,0.7,0.0668126717209816,0.06729327993917031,0.05271350289025667,0.0004806082181887106,0.014099168830724929,-0.014579777048913639,196.0,169.0
P2P_B021,0.7,0.08566616475582123,0.07540000215193329,0.08815792983952264,0.010266162603887935,0.002491765083701414,0.012757927687589349,245.0,253.0
P2P_B021,0.7,0.13359516859054565,0.07789456937155319,0.11738469040657408,0.055700599218992466,0.016210478183971574,0.03949012103502089,331.0,314.0
P2P_B021,0.7,0.03769247233867645,0.09398999716322612,0.04969239337849035,0.056297524824549666,0.011999921039813899,-0.04429760378473577,91.0,63.0
P2P_B021,0.7,0.02764573134481907,0.07687911065531142,0.04176165900481007,0.04923337931049235,0.014115927659991,-0.03511745165050135,58.0,87.0
P2P_B021,0.7,0.08749540150165558,0.07704925285504916,0.08646730835170272,0.010446148646606424,0.0010280931499528634,0.00941805549665356,248.0,244.0
P2P_B021,0.7,0.06097165495157242,0.07002217797475162,0.044120272916665246,0.0090505230231792,0.016851382034907172,-0.025901905058086372,178.0,121.0
P2P_B021,0.9,0.13212400674819946,0.20993094645102378,0.15565132837251416,0.07780693970282432,0.0235273216243147,-0.05427961807850962,79.0,95.0
P2P_B021,0.9,0.32262659072875977,0.2134428793236137,0.2576320671059873,0.10918371140514607,0.06499452362277247,0.0441891877823736,334.0,260.0
P2P_B021,0.9,0.15645025670528412,0.21942310652618094,0.18637620080969738,0.06297284982089682,0.029925944104413266,-0.033046905716483554,108.0,121.0
P2P_B021,0.9,0.1169043630361557,0.2019655329582764,0.08287026877733433,0.0850611699221207,0.03403409425882137,-0.11909526418094207,62.0,34.0
P2P_B021,0.9,0.07395749539136887,0.21545423994775462,0.07375967535516187,0.14149674455638575,0.00019782003620699706,-0.14169456459259275,28.0,27.0
P2P_B021,0.9,0.3150918781757355,0.19601056449123444,0.30915388012379397,0.11908131368450103,0.0059379980519415065,0.11314331563255953,329.0,355.0
P2P_B021,0.9,0.1750621497631073,0.19274309286792612,0.14827645901504255,0.017680943104818825,0.02678569074806475,-0.044466633852883575,138.0,109.0
P2P_B021,0.9,0.020448096096515656,0.21443032003636459,0.021273180590547676,0.19398222393984893,0.0008250844940320204,-0.19315713944581692,8.0,4.0
P2P_B022,0.1,0.0031007693614810705,0.002824257588699447,0.003655503386931616,0.00027651177278162353,0.0005547340254505456,0.0008312457982321692,173.0,206.0
P2P_B022,0.1,0.00015325263666454703,-0.006045639825084478,0.000809971768744866,0.006198892461749025,0.000656719132080319,0.006855611593829344,32.0,310.0
P2P_B022,0.1,8.614575199317187e-05,-0.000524409600936207,7.46775107342279e-05,0.0006105553529293789,1.1468241258943968e-05,0.0005990871116704349,21.0,198.0
P2P_B022,0.1,8.566350879846141e-05,-0.007558629612503462,-0.0020522626715249737,0.007644293121301923,0.002137926180323435,0.005506366940978488,20.0,288.0
P2P_B022,0.1,0.0024961286690086126,-0.009609158446430024,0.00012693718187134495,0.012105287115438637,0.0023691914871372677,0.00973609562830137,150.0,335.0
P2P_B022,0.1,0.0026314640417695045,-0.006739444363485725,0.004212672410283974,0.00937090840525523,0.0015812083685144696,0.010952116773769699,154.0,346.0
P2P_B022,0.1,1.5743280528113246e-05,0.005352823239447496,0.0030808209414453086,0.005337079958919383,0.0030650776609171954,-0.0022720022980021876,10.0,146.0
P2P_B022,0.1,4.7113434220591444e-07,-0.021449194074189742,-0.0046434089607827606,0.02144966520853195,0.0046438800951249665,0.016805785113406982,2.0,377.0
P2P_B022,0.3,0.0008071974734775722,-0.0014284162756225127,0.01036534223070179,0.002235613749100085,0.009558144757224218,0.011793758506324303,42.0,342.0
P2P_B022,0.3,0.0024805262219160795,0.00247162617728168,0.023276708679517283,8.900044634399529e-06,0.020796182457601203,0.020805082502235603,87.0,371.0
P2P_B022,0.3,0.0074974833987653255,0.007305827800166968,-0.002777571514807564,0.0001916555985983573,0.01027505491357289,-0.010083399314974532,185.0,58.0
P2P_B022,0.3,3.9973394450498745e-05,-0.0027332584642728447,-0.004738663302262261,0.0027732318587233434,0.00477863669671276,-0.0020054048379894163,19.0,177.0
P2P_B022,0.3,0.007390265818685293,0.01348426512702626,0.0006205383154498645,0.006093999308340967,0.006769727503235429,-0.012863726811576395,183.0,32.0
P2P_B022,0.3,9.811907375478768e-07,-0.01805420307789128,-0.0026763115362626183,0.01805518426862883,0.002677292727000166,0.015377891541628663,4.0,357.0
P2P_B022,0.3,4.577481831802288e-06,-0.015988044643801172,0.0008298215606667575,0.015992622125632974,0.0008252440788349552,0.01681786620446793,9.0,360.0
P2P_B022,0.3,0.0024636350572109222,0.0033559000667927052,0.002376031140181256,0.000892265009581783,8.760391702966608e-05,-0.000979868926611449,86.0,196.0
P2P_B022,0.5,8.896565850591287e-05,0.011533202690791111,0.0043069945972668555,0.011444237032285198,0.004218028938760943,-0.007226208093524256,12.0,168.0
P2P_B022,0.5,0.04375537857413292,0.02019783402517515,0.04438175247132236,0.023557544548957768,0.0006263738971894403,0.024183918446147208,292.0,342.0
P2P_B022,0.5,0.015071604400873184,0.019314350341892043,0.030982251680519234,0.004242745941018859,0.01591064727964605,0.01166790133862719,122.0,290.0
P2P_B022,0.5,3.3599742437218083e-06,0.01422679619704028,0.0035599463204639414,0.014223436222796558,0.0035565863462202196,-0.010666849876576338,9.0,133.0
P2P_B022,0.5,0.0016262431163340807,0.019628361140059718,0.003277938911104339,0.018002118023725637,0.0016516957947702582,-0.01635042222895538,31.0,74.0
P2P_B022,0.5,0.013972191140055656,0.01038138573281313,0.009249144171561724,0.003590805407242527,0.0047230469684939325,-0.0011322415612514056,106.0,217.0
P2P_B022,0.5,0.0002114827511832118,0.011533202690791111,0.0054413201069101955,0.0113217199396079,0.005229837355726984,-0.006091882583880916,17.0,177.0
P2P_B022,0.5,0.014035386964678764,0.015655095341226867,0.01950142087729701,0.0016197083765481027,0.005466033912618247,0.0038463255360701443,108.0,257.0
P2P_B022,0.7,0.002435083035379648,0.0788052773065399,0.011853279739683753,0.07637019427116025,0.009418196704304105,-0.06695199756685614,15.0,6.0
P2P_B022,0.7,0.03663643077015877,0.09075298033741352,0.08338656669873126,0.05411654956725476,0.046750135928572495,-0.007366413638682262,84.0,191.0
P2P_B022,0.7,0.03329385071992874,0.060080067732716555,0.05794128265852032,0.026786217012787814,0.024647431938591577,-0.0021387850741962366,74.0,207.0
P2P_B022,0.7,0.05232471600174904,0.06241253102389055,0.08545175208731162,0.01008781502214151,0.03312703608556258,0.023039221063421073,148.0,275.0
P2P_B022,0.7,0.03427361696958542,0.07802477826903381,0.046815879470340376,0.04375116129944839,0.012542262500754957,-0.031208898798693437,77.0,103.0
P2P_B022,0.7,0.009643232449889183,0.08027788082921576,0.026751760256218095,0.07063464837932658,0.017108527806328912,-0.05352612057299767,27.0,34.0
P2P_B022,0.7,0.02338508516550064,0.08307452875951475,0.0380409818544427,0.05968944359401411,0.014655896688942058,-0.04503354690507205,49.0,61.0
P2P_B022,0.7,0.03748325631022453,0.07289573697830433,0.0792875794685228,0.035412480668079796,0.04180432315829827,0.006391842490218472,88.0,235.0
P2P_B022,0.9,0.1301853060722351,0.2143157680120258,0.16313915760884118,0.08413046193979068,0.03295385153660607,-0.05117661040318461,77.0,99.0
P2P_B022,0.9,0.16415323317050934,0.23084449089407086,0.2061322320491267,0.06669125772356152,0.04197899887861736,-0.024712258844944157,122.0,137.0
P2P_B022,0.9,0.12419602274894714,0.21373057863486916,0.20336140526281435,0.08953455588592202,0.0791653825138672,-0.010369173372054813,71.0,166.0
P2P_B022,0.9,0.024944324046373367,0.20307100406927261,0.0845808122172551,0.17812668002289925,0.05963648817088173,-0.11849019185201752,9.0,35.0
P2P_B022,0.9,0.03329543396830559,0.20260805554500327,0.1084066328468464,0.16931262157669769,0.07511119887854081,-0.09420142269815687,10.0,54.0
P2P_B022,0.9,0.14150461554527283,0.1989134654841874,0.24807546705573624,0.05740884993891457,0.10657085151046342,0.04916200157154885,89.0,272.0
P2P_B022,0.9,0.20329910516738892,0.2191211310829854,0.25206549105460496,0.015822025915596477,0.048766385887216046,0.03294435997161957,186.0,244.0
P2P_B022,0.9,0.18872013688087463,0.22610237963964197,0.2934507227572585,0.03738224275876734,0.10473058587638384,0.0673483431176165,162.0,306.0
P2P_B023,0.1,0.015166433528065681,0.018920284767574583,0.0067672716050804285,0.0037538512395089013,0.008399161922985253,-0.012153013162494154,378.0,34.0
P2P_B023,0.1,0.0009728398872539401,-0.006730402160540397,0.002160261254374421,0.007703242047794337,0.0011874213671204809,0.008890663414914818,81.0,327.0
P2P_B023,0.1,0.0030640107579529285,0.014254500508940594,0.004242583901753735,0.011190489750987666,0.0011785731438008068,-0.010011916607186859,170.0,54.0
P2P_B023,0.1,0.0060002487152814865,-0.0011101339553790668,0.0011185524933439717,0.007110382670660553,0.004881696221937515,0.0022286864487230384,288.0,238.0
P2P_B023,0.1,0.000848755706101656,-0.0015078379785365692,0.002824996441024269,0.002356593684638225,0.001976240734922613,0.004332834419560838,75.0,269.0
P2P_B023,0.1,0.004633172415196896,0.007946294647946203,0.003292413980622383,0.0033131222327493076,0.0013407584345745127,-0.00465388066732382,245.0,104.0
P2P_B023,0.1,0.0011538820108398795,-0.009882125493196309,0.0002239328043794897,0.011036007504036188,0.0009299492064603898,0.010106058297575798,88.0,338.0
P2P_B023,0.1,0.000800744688604027,-0.008630901145349743,0.0005264921811671541,0.00943164583395377,0.0002742525074368729,0.009157393326516897,72.0,332.0
P2P_B023,0.3,0.0042155710980296135,0.01567643711286032,0.006026499576838706,0.011460866014830706,0.001810928478809093,-0.009649937536021613,120.0,62.0
P2P_B023,0.3,0.003927103243768215,0.0033063019591559883,0.005518630913785051,0.0006208012846122268,0.001591527670016836,0.002212328954629063,112.0,236.0
P2P_B023,0.3,0.027378475293517113,0.018850272424935276,0.013698733477669534,0.008528202868581837,0.01367974181584758,-0.005151538947265742,362.0,122.0
P2P_B023,0.3,0.007226511836051941,0.019292032099548682,0.01169430269694452,0.012065520263496742,0.004467790860892579,-0.007597729402604163,179.0,88.0
P2P_B023,0.3,0.004182403441518545,0.01607633371973162,0.005938142779385175,0.011893930278213075,0.0017557393378666297,-0.010138190940346445,119.0,57.0
P2P_B023,0.3,0.005256924778223038,0.0005926712677807311,0.004216078579374324,0.004664253510442307,0.0010408461988487133,0.0036234073115935933,145.0,253.0
P2P_B023,0.3,0.007789419498294592,-0.004691248365020301,0.0028483307520817264,0.012480667863314893,0.0049410887462128655,0.007539579117102027,189.0,306.0
P2P_B023,0.3,0.005120790097862482,0.019548404795103398,0.015893664190345783,0.014427614697240916,0.0107728740924833,-0.0036547406047576156,141.0,152.0
P2P_B023,0.5,0.012776709161698818,0.028937320420090687,0.004784450985498873,0.01616061125839187,0.007992258176199946,-0.024152869434591814,98.0,23.0
P2P_B023,0.5,0.027338696643710136,0.02930054408346275,0.051182053089501106,0.001961847439752612,0.02384335644579097,0.021881509006038358,207.0,333.0
P2P_B023,0.5,0.035023611038923264,0.051996451555310685,0.04302573180623319,0.016972840516387422,0.008002120767309925,-0.008970719749077496,250.0,149.0
P2P_B023,0.5,0.030647557228803635,0.0148304264934358,0.034102773373840864,0.015817130735367835,0.0034552161450372293,0.019272346880405064,229.0,323.0
P2P_B023,0.5,0.01463499665260315,0.03337655701224855,0.01922888329510021,0.0187415603596454,0.004593886642497061,-0.01414767371714834,114.0,105.0
P2P_B023,0.5,0.0008340416825376451,0.030022841640994072,0.0105078977198041,0.029188799958456427,0.009673856037266455,-0.01951494392118997,22.0,49.0
P2P_B023,0.5,0.040589816868305206,0.055013204925807406,0.04952153477766524,0.0144233880575022,0.00893171790936003,-0.005491670148142169,280.0,180.0
P2P_B023,0.5,0.02246268279850483,0.02665259704140778,0.03146772450457182,0.004189914242902951,0.009005041706066988,0.004815127463164037,179.0,260.0
P2P_B023,0.7,0.05361224710941315,0.08395733895097686,0.11985754355574141,0.030345091841563712,0.06624529644632826,0.03590020460476455,151.0,307.0
P2P_B023,0.7,0.0786719024181366,0.06601485616894597,0.1065993800509854,0.012657046249190632,0.027927477632848807,0.04058452388203944,226.0,317.0
P2P_B023,0.7,0.08034748584032059,0.08838082582163437,0.08198068245393103,0.00803333998131378,0.0016331966136104437,-0.006400143367703337,233.0,194.0
P2P_B023,0.7,0.027562418952584267,0.07708711517211722,0.0354759689007049,0.049524696219532954,0.007913549948120636,-0.04161114627141232,57.0,72.0
P2P_B023,0.7,0.041846707463264465,0.06436259602583902,0.06814135266649927,0.022515888562574554,0.02629464520323481,0.003778756640660255,114.0,229.0
P2P_B023,0.7,0.03978300094604492,0.06950568107044554,0.05790196386336083,0.029722680124400616,0.018118962917315906,-0.01160371720708471,99.0,179.0
P2P_B023,0.7,0.07609813660383224,0.07941423808769954,0.08315614308331885,0.0033161014838672953,0.007058006479486609,0.0037419049956193134,223.0,228.0
P2P_B023,0.7,0.04472075030207634,0.07036934218156807,0.06561180478108837,0.025648591879491728,0.02089105447901203,-0.004757537400479697,124.0,199.0
P2P_B023,0.9,0.1936178356409073,0.23192640734151032,0.20048822528563703,0.038308571700603034,0.006870389644729746,-0.03143818205587329,171.0,123.0
P2P_B023,0.9,0.18269436061382294,0.21205735046934426,0.2189621582026962,0.029362989855521326,0.036267797588873274,0.0069048077333519475,155.0,200.0
P2P_B023,0.9,0.25265932083129883,0.19546147679592918,0.2545118955093556,0.05719784403536965,0.0018525746780567731,0.05905041871342642,256.0,291.0
P2P_B023,0.9,0.2630494236946106,0.21505869261250893,0.2611995564136587,0.04799073108210167,0.001849867280951878,0.04614086380114979,271.0,266.0
P2P_B023,0.9,0.3102394938468933,0.23003830114926427,0.34369418817550706,0.08020119269762904,0.033454694328613754,0.1136558870262428,321.0,356.0
P2P_B023,0.9,0.1987379789352417,0.21489022136208769,0.26353346784704734,0.016152242426845986,0.06479548891180564,0.04864324648495966,178.0,270.0
P2P_B023,0.9,0.2359938621520996,0.22761699596589025,0.24469582998293493,0.008376866186209364,0.008701967830835322,0.017078834017044686,238.0,224.0
P2P_B023,0.9,0.2809221148490906,0.2207574582101291,0.28654419579128504,0.06016465663896148,0.005622080942194463,0.06578673758115594,287.0,303.0
P2P_B024,0.1,0.004371145740151405,0.009912513282192718,-0.0008376144558237403,0.005541367542041313,0.005208760195975146,-0.010750127738016459,233.0,45.0
P2P_B024,0.1,0.005379892885684967,-0.0074916680648126205,0.0008348104920081756,0.012871560950497588,0.0045450823936767915,0.008326478556820796,268.0,320.0
P2P_B024,0.1,0.011335666291415691,0.017704491765368736,0.003215961220956881,0.006368825473953045,0.00811970507045881,-0.014488530544411855,355.0,23.0
P2P_B024,0.1,0.004760452080518007,0.01165421069740663,0.008346519647524142,0.006893758616888623,0.003586067567006135,-0.0033076910498824885,249.0,123.0
P2P_B024,0.1,0.005886873230338097,0.006594976308074547,0.004372889085062268,0.0007081030777364508,0.001513984145275829,-0.00222208722301228,284.0,150.0
P2P_B024,0.1,0.012272446416318417,0.02111022894282373,0.004061372605134124,0.008837782526505314,0.008211073811184293,-0.017048856337689607,362.0,17.0
P2P_B024,0.1,0.004998920485377312,0.007332893495945257,0.0034634795720167033,0.0023339730105679454,0.0015354409133606084,-0.003869413923928554,254.0,113.0
P2P_B024,0.1,0.004187040496617556,0.004075994303688664,0.0051073595471181205,0.00011104619292889167,0.0009203190505005648,0.0010313652434294565,225.0,212.0
P2P_B024,0.3,0.05441638082265854,0.011127819811507893,0.05273571913656584,0.043288561011150646,0.0016806616860926965,0.04160789932505795,384.0,384.0
P2P_B024,0.3,0.007791080512106419,0.009928194905376365,0.007424382183538532,0.002137114393269947,0.0003666983285678868,-0.0025038127218378337,190.0,171.0
P2P_B024,0.3,0.004462507087737322,0.01284755851171785,0.004116843843702853,0.008385051423980529,0.00034566324403446924,-0.008730714668014998,123.0,69.0
P2P_B024,0.3,0.01768261007964611,0.016994380786005944,0.0028418342579823314,0.0006882292936401663,0.01484077582166378,-0.014152546528023613,316.0,23.0
P2P_B024,0.3,0.015206893905997276,0.014903733877032026,0.010001124755548013,0.00030316002896525057,0.005205769150449263,-0.004902609121484013,296.0,127.0
P2P_B024,0.3,0.03784624859690666,0.04148482992995098,0.033491945616276504,0.003638581333044316,0.004354302980630158,-0.007992884313674474,377.0,81.0
P2P_B024,0.3,0.03615402802824974,0.009073645993209763,0.03347976384194086,0.027080382035039978,0.0026742641863088806,0.024406117848731097,376.0,379.0
P2P_B024,0.3,0.007291880436241627,0.011993082061568142,0.004181919909014252,0.004701201625326515,0.0031099605272273748,-0.00781116215255389,182.0,87.0
P2P_B024,0.5,0.057436004281044006,0.042161354494554874,0.04448558458127908,0.015274649786489132,0.012950419699764924,0.0023242300867242077,335.0,249.0
P2P_B024,0.5,0.03561174497008324,0.029041700792862675,0.01710462539830418,0.006570044177220562,0.018507119571779057,-0.011937075394558495,254.0,125.0
P2P_B024,0.5,0.06409136205911636,0.03828940344774371,0.04348659677628372,0.025801958611372654,0.020604765282832643,0.00519719332854001,347.0,264.0
P2P_B024,0.5,0.02693198435008526,0.03841380546904957,0.01862218943889464,0.011481821118964314,0.008309794911190618,-0.019791616030154932,204.0,46.0
P2P_B024,0.5,0.08458832651376724,0.03166459382370392,0.06081914182782134,0.05292373269006332,0.023769184685945903,0.029154548004117417,371.0,349.0
P2P_B024,0.5,0.03724712133407593,0.02173457606077054,0.025182409740144095,0.015512545273305388,0.012064711593931833,0.0034478336793735548,261.0,255.0
P2P_B024,0.5,0.10966815054416656,0.032681727118454955,0.07525934112380689,0.0769864234257116,0.034408809420359676,0.042577614005351934,381.0,367.0
P2P_B024,0.5,0.06827462464570999,0.032169754751721805,0.052146543676727955,0.03610486989398819,0.016128080968982036,0.01997678892500615,355.0,325.0
P2P_B024,0.7,0.12738128006458282,0.07659142279323519,0.08332245901490519,0.05078985727134763,0.044058821049677635,0.006731036221669998,328.0,237.0
P2P_B024,0.7,0.1414685994386673,0.0746964154150915,0.09525192701239309,0.06677218402357579,0.04621667242627421,0.02055551159730158,341.0,271.0
P2P_B024,0.7,0.06558731198310852,0.07546615709344258,0.03521372953459034,0.009878845110334059,0.030373582448518177,-0.040252427558852236,194.0,76.0
P2P_B024,0.7,0.10817695409059525,0.07895324461103323,0.07040156829658084,0.029223709479562016,0.037775385794014404,-0.008551676314452389,294.0,187.0
P2P_B024,0.7,0.1885245442390442,0.09718088312254355,0.1076228312251375,0.09134366111650064,0.0809017130139067,0.01044194810259394,370.0,247.0
P2P_B024,0.7,0.19568653404712677,0.06961660846706173,0.12129474284836797,0.12606992558006502,0.0743917911987588,0.05167813438130624,373.0,333.0
P2P_B024,0.7,0.07090874761343002,0.0782183630501734,0.04552973759267668,0.007309615436743383,0.025379010020753344,-0.03268862545749673,213.0,99.0
P2P_B024,0.7,0.13753166794776917,0.08308938143022217,0.10861829077674487,0.054442286517547,0.028913377171024296,0.025528909346522702,337.0,283.0
P2P_B024,0.9,0.44248855113983154,0.22233556816292,0.33801336126534626,0.22015298297691155,0.10447518987448529,0.11567779310242626,379.0,359.0
P2P_B024,0.9,0.3244457244873047,0.22046280916602928,0.23447081172160478,0.1039829153212754,0.08997491276569991,0.014008002555575494,337.0,216.0
P2P_B024,0.9,0.28747841715812683,0.21775119934929793,0.19100370408756379,0.0697272178088289,0.09647471307056305,-0.026747495261734144,299.0,134.0
P2P_B024,0.9,0.2908577024936676,0.218964509776501,0.26126076996315906,0.0718931927171666,0.029596932530508546,0.04229626018665805,301.0,257.0
P2P_B024,0.9,0.3138953745365143,0.22395504250360304,0.21156814526904266,0.08994033203291124,0.10232722926747162,-0.012386897234560379,326.0,160.0
P2P_B024,0.9,0.2662873864173889,0.22416444743949077,0.17417235678808282,0.04212293897789815,0.0921150296293061,-0.049992090651407944,275.0,102.0
P2P_B024,0.9,0.3104884624481201,0.22005440232679774,0.22755397380488418,0.09043406012132238,0.08293448864323594,0.007499571478086442,322.0,204.0
P2P_B024,0.9,0.2826383709907532,0.21273602814747372,0.21340183390478634,0.06990234284327945,0.06923653708596683,0.0006658057573126208,291.0,192.0
P2P_B025,0.1,0.023931846022605896,0.024578265834538475,0.013420638635073374,0.000646419811932579,0.010511207387532522,-0.0111576271994651,382.0,43.0
P2P_B025,0.1,0.014872967265546322,0.020184722280744458,0.007494120495685042,0.005311755015198136,0.00737884676986128,-0.012690601785059416,376.0,32.0
P2P_B025,0.1,0.0014750051777809858,0.004354783597695498,0.005817977616312572,0.0028797784199145124,0.0043429724385315865,0.0014631940186170742,105.0,217.0
P2P_B025,0.1,0.0024033458903431892,0.006503796530866426,0.007263310636640319,0.004100450640523237,0.00485996474629713,0.0007595141057738924,146.0,204.0
P2P_B025,0.1,0.012057386338710785,-0.0012999306361850954,0.0022514166269421293,0.01335731697489588,0.009805969711768656,0.0035513472631272247,358.0,258.0
P2P_B025,0.1,0.00819479301571846,0.011832851371229254,0.0077807089521959374,0.003638058355510794,0.00041408406352252264,-0.004052142419033317,327.0,110.0
P2P_B025,0.1,0.015097226947546005,0.00013422272470325902,0.004801143224911174,0.014963004222842746,0.010296083722634831,0.004666920500207915,377.0,274.0
P2P_B025,0.1,0.006881191395223141,0.020555385811358684,0.009995826610391029,0.013674194416135543,0.003114635215167888,-0.010559559200967655,303.0,47.0
P2P_B025,0.3,0.00848119705915451,0.01411857951433735,0.006887982632213928,0.005637382455182839,0.0015932144269405826,-0.007230596882123422,199.0,93.0
P2P_B025,0.3,0.01373208500444889,0.01756548022032952,0.01078273186275143,0.003833395215880629,0.002949353141697461,-0.00678274835757809,282.0,101.0
P2P_B025,0.3,0.015734922140836716,0.01787872672707859,0.015186714960133074,0.0021438045862418736,0.0005482071807036415,-0.002692011766945515,305.0,167.0
P2P_B025,0.3,0.015211019665002823,0.026346562995905612,0.015071240813437456,0.011135543330902789,0.00013977885156536696,-0.011275322182468156,297.0,46.0
P2P_B025,0.3,0.0060905031859874725,0.012821617168493504,0.010857883891449413,0.006731113982506032,0.0047673807054619405,-0.0019637332770440913,163.0,178.0
P2P_B025,0.3,0.010205441154539585,0.028180981122136135,0.011350285108344058,0.01797553996759655,0.0011448439538044725,-0.016830696013792078,234.0,12.0
P2P_B025,0.3,0.019704170525074005,0.014979950885463354,0.013844227923365836,0.004724219639610651,0.005859942601708169,-0.0011357229620975184,331.0,194.0
P2P_B025,0.3,0.017487330362200737,0.021316067584930445,0.019299831945499127,0.0038287372227297084,0.0018125015832983898,-0.0020162356394313186,314.0,175.0
P2P_B025,0.5,0.05867958068847656,0.04862236029475195,0.050441969239009996,0.010057220393724614,0.008237611449466567,0.001819608944258047,339.0,246.0
P2P_B025,0.5,0.06477996706962585,0.04206111906792032,0.05586458620976857,0.02271884800170553,0.008915380859857283,0.013803467141848248,349.0,304.0
P2P_B025,0.5,0.057244621217250824,0.039396818672304997,0.03041429594117303,0.017847802544945827,0.026830325276077795,-0.008982522731131967,332.0,148.0
P2P_B025,0.5,0.04865219071507454,0.02640314814329244,0.0354555233631985,0.022249042571782097,0.013196667351876037,0.00905237521990606,310.0,276.0
P2P_B025,0.5,0.058502234518527985,0.03011832992776025,0.0422442502902934,0.028383904590767735,0.016257984228234587,0.012125920362533148,338.0,291.0
P2P_B025,0.5,0.057409003376960754,0.043401001658574634,0.05592805187302016,0.01400800171838612,0.0014809515039405918,0.012527050214445529,334.0,297.0
P2P_B025,0.5,0.020431309938430786,0.024406020621853056,0.016912222788595555,0.0039747106834222695,0.0035190871498352316,-0.007493797833257501,160.0,166.0
P2P_B025,0.5,0.022261038422584534,0.04824443348465426,0.02240948778564577,0.025983395062069724,0.00014844936306123574,-0.025834945699008488,177.0,17.0
P2P_B025,0.7,0.026878055185079575,0.07679243194168799,0.01810576479163576,0.04991437675660841,0.008772290393443814,-0.058686667150052226,56.0,20.0
P2P_B025,0.7,0.10886304080486298,0.10133665190132993,0.08632484726284068,0.007526388903533049,0.0225381935420223,-0.015011804638489251,296.0,167.0
P2P_B025,0.7,0.07266627997159958,0.08226325129644026,0.055055936501769764,0.009596971324840678,0.017610343469829814,-0.027207314794670492,217.0,115.0
P2P_B025,0.7,0.15670107305049896,0.094607281410336,0.13542518496419303,0.06209379164016296,0.021275888086305927,0.04081790355385703,355.0,318.0
P2P_B025,0.7,0.051004331558942795,0.062032293670240574,0.027648745878500705,0.011027962111297779,0.02335558568044209,-0.03438354779173987,143.0,92.0
P2P_B025,0.7,0.14246471226215363,0.08802792876598478,0.10292964488195261,0.054436783496168845,0.03953506738020102,0.014901716115967828,343.0,259.0
P2P_B025,0.7,0.11543083935976028,0.08381139332762136,0.09821315674329267,0.031619446032138926,0.01721768261646761,0.014401763415671315,303.0,257.0
P2P_B025,0.7,0.04599970579147339,0.08675462491406043,0.0356123013571584,0.04075491912258704,0.01038740443431499,-0.05114232355690203,127.0,40.0
P2P_B025,0.9,0.24673154950141907,0.22245840896859137,0.2105809173774252,0.024273140532827697,0.03615063212399386,-0.011877491591166162,250.0,162.0
P2P_B025,0.9,0.21886296570301056,0.21958962011727304,0.22503903203197131,0.0007266544142624787,0.006176066328960755,0.005449411914698277,211.0,198.0
P2P_B025,0.9,0.29653626680374146,0.2134595030011487,0.20595719370493532,0.08307676380259277,0.09057907309880614,-0.007502309296213372,311.0,174.0
P2P_B025,0.9,0.2320789098739624,0.22360523552052658,0.17905297277827165,0.008473674353435823,0.053025937095690756,-0.04455226274225493,229.0,108.0
P2P_B025,0.9,0.186798095703125,0.22552852799533668,0.14749486974715864,0.03873043229221168,0.03930322595596636,-0.07803365824817804,161.0,65.0
P2P_B025,0.9,0.18133801221847534,0.2104174501926699,0.1538834296459512,0.029079437974194572,0.027454582572524144,-0.056534020546718716,151.0,90.0
P2P_B025,0.9,0.20909765362739563,0.20920056763704656,0.17531514111668084,0.00010291400965092845,0.03378251251071479,-0.03388542652036572,194.0,118.0
P2P_B025,0.9,0.19025357067584991,0.2232524652661108,0.146957721460935,0.0329988945902609,0.04329584921491492,-0.07629474380517581,166.0,67.0
P2P_B026,0.1,0.002879735082387924,-0.0007893306754356011,0.005141950646927469,0.0036690657578235253,0.002262215564539545,0.00593128132236307,162.0,291.0
P2P_B026,0.1,0.0029214329551905394,0.004219128670203541,0.006285370047920097,0.0012976957150130017,0.0033639370927295575,0.002066241377716556,164.0,235.0
P2P_B026,0.1,0.0014400979271158576,0.01159244146813649,0.010934808822721728,0.010152343541020632,0.00949471089560587,-0.0006576326454147616,103.0,179.0
P2P_B026,0.1,0.0033810893073678017,0.0031922815688444073,0.0047317446389020384,0.00018880773852339439,0.0013506553315342368,0.0015394630700576312,194.0,219.0
P2P_B026,0.1,0.01305369008332491,0.01754382131335481,0.00977815025823453,0.004490131230029899,0.003275539825090379,-0.007765671055120278,364.0,75.0
P2P_B026,0.1,0.005356715526431799,0.009655500901922763,0.0076032274784762766,0.004298785375490964,0.0022465119520444776,-0.0020522734234464865,266.0,151.0
P2P_B026,0.1,0.008685903623700142,0.011860115113812707,0.0086809854758063,0.003174211490112565,4.918147893842595e-06,-0.0031791296380064074,332.0,130.0
P2P_B026,0.1,0.005329272709786892,0.01633827423537862,0.010681600177342272,0.011009001525591727,0.00535232746755538,-0.005656674058036347,262.0,89.0
P2P_B026,0.3,0.02842073142528534,0.01950781342420447,0.028819830957446863,0.00891291800108087,0.00039909953216152316,0.009312017533242394,366.0,332.0
P2P_B026,0.3,0.03592613339424133,0.016701302788724545,0.023911230498143123,0.019224830605516788,0.01201490289609821,0.007209927709418577,375.0,301.0
P2P_B026,0.3,0.022452209144830704,-0.0012197307064894802,0.01395804574790379,0.023671939851320184,0.008494163396926914,0.01517777645439327,345.0,355.0
P2P_B026,0.3,0.033385880291461945,0.02078018523676381,0.03820496347275306,0.012605695054698135,0.004819083181291116,0.01742477823598925,372.0,362.0
P2P_B026,0.3,0.014127565547823906,0.00623023667031606,0.011929862420170086,0.007897328877507846,0.0021977031276538203,0.005699625749854026,287.0,284.0
P2P_B026,0.3,0.009312888607382774,0.008853118827623102,0.00992879551886925,0.00045976977975967226,0.000615906911486476,0.0010756766912461482,216.0,215.0
P2P_B026,0.3,0.01953808404505253,0.01291020843868583,0.021009805977428277,0.006627875606366698,0.0014717219323757483,0.008099597538742447,328.0,319.0
P2P_B026,0.3,0.01059928722679615,0.014682090401106233,0.011794406748149432,0.004082803174310083,0.0011951195213532814,-0.0028876836529568017,242.0,164.0
P2P_B026,0.5,0.039272453635931015,0.03565371321517331,0.018738097183049418,0.0036187404207577017,0.020534356452881597,-0.016915616032123895,271.0,65.0
P2P_B026,0.5,0.08916760981082916,0.025115837621106467,0.07629359340035426,0.06405177218972269,0.012874016410474906,0.05117775577924779,375.0,376.0
P2P_B026,0.5,0.030407046899199486,0.02835538952729358,0.02946937001832141,0.0020516573719059072,0.0009376768808780772,0.00111398049102783,225.0,236.0
P2P_B026,0.5,0.01762685552239418,0.028530471953245436,0.012946530497745752,0.010903616430851255,0.004680325024648428,-0.015583941455499684,139.0,82.0
P2P_B026,0.5,0.04397742822766304,0.03898525642870143,0.03519955541349596,0.004992171798961609,0.00877787281416708,-0.0037857010152054713,295.0,196.0
P2P_B026,0.5,0.028868522495031357,0.028961256780161468,0.03572579482445268,9.273428513011106e-05,0.006857272329421321,0.00676453804429121,210.0,270.0
P2P_B026,0.5,0.05777139961719513,0.030231504531124595,0.053904194286859164,0.027539895086070534,0.0038672053303359655,0.02367268975573457,337.0,337.0
P2P_B026,0.5,0.10290159285068512,0.048772124263950695,0.10348681462666659,0.054129468586734425,0.0005852217759814704,0.054714690362715895,380.0,380.0
P2P_B026,0.7,0.10781154036521912,0.06941294352701427,0.07607960983383331,0.038398596838204846,0.0317319305313858,0.006666666306819044,293.0,236.0
P2P_B026,0.7,0.11789808422327042,0.07686644029480309,0.07764185733164002,0.04103164392846732,0.0402562268916304,0.0007754170368369229,310.0,218.0
P2P_B026,0.7,0.08969297260046005,0.08492094591575808,0.060271684345600936,0.004772026684701974,0.029421288254859117,-0.024649261570157142,256.0,125.0
P2P_B026,0.7,0.10100574791431427,0.08566170826018901,0.06803850897365747,0.015344039654125258,0.0329672389406568,-0.01762319928653154,279.0,157.0
P2P_B026,0.7,0.1095411479473114,0.08078242914534527,0.08837018135351986,0.028758718801966135,0.021170966593791543,0.007587752208174592,297.0,239.0
P2P_B026,0.7,0.14696694910526276,0.07653998757893726,0.10416121051909,0.0704269615263255,0.04280573858617276,0.027621222940152734,347.0,287.0
P2P_B026,0.7,0.13018685579299927,0.06231476583681,0.11778563126036455,0.06787208995618926,0.012401224532634716,0.055470865423554554,329.0,338.0
P2P_B026,0.7,0.1415543407201767,0.07563933243481452,0.14186916197043456,0.06591500828536218,0.0003148212502578629,0.06622982953562004,342.0,356.0
P2P_B026,0.9,0.302511066198349,0.20847088152820703,0.2652206977679676,0.09404018467014197,0.037290368430381415,0.05674981623976055,314.0,286.0
P2P_B026,0.9,0.34444737434387207,0.21644822726631352,0.31043661696011327,0.12799914707755855,0.034010757383758805,0.09398838969379975,347.0,335.0
P2P_B026,0.9,0.26742881536483765,0.2213702213217129,0.2385577897888997,0.046058594043124734,0.02887102557593796,0.017187568467186776,279.0,225.0
P2P_B026,0.9,0.2738817632198334,0.22813065243253627,0.23475270821831562,0.0457511107872971,0.039129055001517754,0.006622055785779346,285.0,199.0
P2P_B026,0.9,0.2698615789413452,0.20934556049961178,0.25333618556198256,0.06051601844173343,0.016525393379362652,0.04399062506237078,282.0,259.0
P2P_B026,0.9,0.23236455023288727,0.21766743795446802,0.2270307168925389,0.014697112278419244,0.005333833340348371,0.009363278938070874,233.0,209.0
P2P_B026,0.9,0.2911643385887146,0.21272124583772223,0.27554164429637246,0.07844309275099237,0.015622694292342143,0.06282039845865023,302.0,295.0
P2P_B026,0.9,0.2866173982620239,0.21566521739447164,0.2449453236268075,0.07095218086755228,0.04167207463521644,0.029280106232335845,297.0,238.0
P2P_B027,0.1,0.003965527750551701,0.03682898939079232,0.013344839212301528,0.03286346164024062,0.009379311461749827,-0.023484150178490794,215.0,6.0
P2P_B027,0.1,0.00010457572352606803,-0.003931550467891065,0.004281224022650035,0.004036126191417133,0.004176648299123967,0.0082127744905411,26.0,317.0
P2P_B027,0.1,0.001390838180668652,0.011161239204101142,0.008867202209154622,0.00977040102343249,0.00747636402848597,-0.0022940369949465203,101.0,145.0
P2P_B027,0.1,0.009991166181862354,0.019023947180651257,-0.011424274337642135,0.009032780998788903,0.02141544051950449,-0.030448221518293392,350.0,1.0
P2P_B027,0.1,0.0001615774817764759,-0.005700598885047745,0.003925454259807434,0.0058621763668242205,0.0037638767780309584,0.009626053144855179,33.0,334.0
P2P_B027,0.1,0.006700475700199604,0.0049141336072138705,0.004456254847446217,0.0017863420929857335,0.002244220852753387,-0.0004578787597676534,297.0,184.0
P2P_B027,0.1,0.0017036489443853498,0.005430048188746359,0.004881232733055574,0.003726399244361009,0.003177583788670224,-0.0005488154556907848,118.0,181.0
P2P_B027,0.1,0.000842044479213655,0.02174461175539233,0.009653811908889552,0.020902567276178674,0.008811767429675897,-0.012090799846502777,74.0,36.0
P2P_B027,0.3,0.027411021292209625,0.011631093570381827,0.01765072663358736,0.015779927721827798,0.009760294658622264,0.0060196330632055345,363.0,285.0
P2P_B027,0.3,0.004840090870857239,0.00659533697945669,0.0143015860405213,0.0017552461085994508,0.009461495169664061,0.00770624906106461,135.0,309.0
P2P_B027,0.3,0.00945025309920311,0.004777499124680347,0.004754413328688686,0.004672753974522763,0.004695839770514423,-2.308579599166055e-05,220.0,206.0
P2P_B027,0.3,0.0030955765396356583,0.01380767770033793,0.008447231172997338,0.010712101160702273,0.00535165463336168,-0.005360446527340593,97.0,119.0
P2P_B027,0.3,0.029126182198524475,0.006508369402574363,0.03127071391437846,0.022617812795950112,0.0021445317158539853,0.024762344511804098,367.0,380.0
P2P_B027,0.3,5.4944026487646624e-05,-0.0019212265029213,0.00010200294814337318,0.0019761705294089466,4.705892165572656e-05,0.002023229451064673,21.0,231.0
P2P_B027,0.3,0.014757508412003517,0.015527880558942539,0.02013886604236461,0.0007703721469390218,0.005381357630361093,0.004610985483422071,291.0,263.0
P2P_B027,0.3,0.03241793438792229,0.023686701509743432,0.027599578416419482,0.008731232878178855,0.004818355971502805,0.003912876906676049,371.0,256.0
P2P_B027,0.5,0.009043578058481216,0.0291363545525438,0.012561455369591738,0.020092776494062582,0.003517877311110522,-0.01657489918295206,75.0,71.0
P2P_B027,0.5,0.04376152157783508,0.024055921436807584,0.04482883108357376,0.0197056001410275,0.0010673095057386756,0.020772909646766174,293.0,327.0
P2P_B027,0.5,0.018582023680210114,0.024543937912644205,0.006628825356559835,0.0059619142324340915,0.011953198323650278,-0.01791511255608437,150.0,61.0
P2P_B027,0.5,0.08163072168827057,0.03229838440638746,0.07268135257457536,0.04933233728188311,0.008949369113695205,0.040382968168187906,366.0,363.0
P2P_B027,0.5,0.007379619870334864,0.015596459385200614,0.020687052265592976,0.00821683951486575,0.013307432395258112,0.005090592880392361,62.0,263.0
P2P_B027,0.5,0.015284912660717964,0.030405896592490683,0.003961149681545678,0.015120983931772719,0.011323762979172286,-0.026444746910945005,125.0,13.0
P2P_B027,0.5,0.029436077922582626,0.028768437478792548,0.017619180032997415,0.0006676404437900782,0.011816897889585211,-0.011149257445795133,218.0,129.0
P2P_B027,0.5,0.009228895418345928,0.01691749243465071,0.006373637403733146,0.007688597016304782,0.0028552580146127826,-0.010543855030917565,77.0,134.0
P2P_B027,0.7,0.039008624851703644,0.08926380495223787,0.05613667678805821,0.05025518010053423,0.01712805193635457,-0.03312712816417966,96.0,97.0
P2P_B027,0.7,0.08996474742889404,0.07667496858276215,0.15136157976528306,0.013289778846131889,0.06139683233638901,0.0746866111825209,257.0,359.0
P2P_B027,0.7,0.03722167760133743,0.08237137708218732,0.05333225151872863,0.04514969948084989,0.016110573917391194,-0.029039125563458695,86.0,111.0
P2P_B027,0.7,0.02352757751941681,0.07233380165825765,0.028211316123238295,0.04880622413884084,0.004683738603821486,-0.04412248553501935,50.0,64.0
P2P_B027,0.7,0.011935613118112087,0.08249641774132925,0.027535250019597682,0.07056080462321716,0.015599636901485595,-0.05496116772173157,34.0,28.0
P2P_B027,0.7,0.04134244844317436,0.08444127173985888,0.03968689246996384,0.04309882329668452,0.0016555559732105221,-0.04475437926989504,106.0,62.0
P2P_B027,0.7,0.05742056667804718,0.07451006466163004,0.08484872732939852,0.017089497983582863,0.02742816065135134,0.010338662667768478,169.0,246.0
P2P_B027,0.7,0.051132574677467346,0.09002486858868708,0.08606432774177115,0.03889229391121973,0.03493175306430381,-0.003960540846915925,145.0,201.0
P2P_B027,0.9,0.22603818774223328,0.23037497320593212,0.25240218779763357,0.004336785463698839,0.026364000055400294,0.022027214591701455,218.0,228.0
P2P_B027,0.9,0.13823570311069489,0.21375751917210511,0.17192874959475044,0.07552181606141023,0.03369304648405555,-0.04182876957735468,83.0,111.0
P2P_B027,0.9,0.299838125705719,0.20584720044959412,0.3096489508318908,0.09399092525612487,0.009810825126171818,0.10380175038229669,313.0,346.0
P2P_B027,0.9,0.10299216210842133,0.20142086698395198,0.16789421193767357,0.09842870487553065,0.06490204982925224,-0.033526655046278414,48.0,120.0
P2P_B027,0.9,0.24964739382266998,0.2235749755818152,0.2992120086704976,0.026072418240854794,0.04956461484782759,0.07563703308868239,251.0,314.0
P2P_B027,0.9,0.22557029128074646,0.2344907354370816,0.28337334803505365,0.008920444156335139,0.05780305675430719,0.04888261259797205,217.0,271.0
P2P_B027,0.9,0.11542188376188278,0.1998442138623136,0.18346199776371913,0.08442233010043082,0.06804011400183635,-0.01638221609859447,60.0,156.0
P2P_B027,0.9,0.25738322734832764,0.2188067550805004,0.35798804592037914,0.03857647226782723,0.1006048185720515,0.13918129083987874,263.0,368.0
P2P_B028,0.1,0.00462938379496336,-0.013493068117423193,-0.002530306192647991,0.018122451912386553,0.007159689987611351,0.010962761924775202,244.0,347.0
P2P_B028,0.1,0.008001508191227913,0.013880513896835374,0.012095446144912265,0.005879005705607461,0.004093937953684353,-0.0017850677519231084,322.0,155.0
P2P_B028,0.1,0.005347018595784903,0.011783222769167455,0.009522041658607032,0.006436204173382552,0.004175023062822129,-0.002261181110560423,263.0,148.0
P2P_B028,0.1,0.008123735897243023,0.013919920338682043,0.009617425182237106,0.00579618444143902,0.0014936892849940833,-0.004302495156444937,325.0,107.0
P2P_B028,0.1,0.006802844349294901,0.007099356710514461,0.008929398555079522,0.00029651236121956,0.0021265542057846212,0.0018300418445650612,300.0,230.0
P2P_B028,0.1,0.0010495802853256464,0.007678828080455287,0.009473418311753114,0.0066292477951296405,0.008423838026427467,0.0017945902312978268,84.0,228.0
P2P_B028,0.1,0.00220121000893414,0.008779338353048505,0.0069779060803551105,0.0065781283441143645,0.00477669607142097,-0.0018014322726933943,138.0,154.0
P2P_B028,0.1,0.003461195155978203,0.007027957534102389,0.012171763372027647,0.003566762378124186,0.008710568216049444,0.005143805837925258,198.0,282.0
P2P_B028,0.3,4.5423432311508805e-05,-0.007314789854001802,-0.0003392800633662263,0.007360213286313311,0.0003847034956777351,0.006975509790635576,20.0,298.0
P2P_B028,0.3,0.004715634975582361,0.010487247838677972,0.0030926489563771614,0.005771612863095611,0.0016229860192051998,-0.007394598882300811,131.0,92.0
P2P_B028,0.3,0.0037806183099746704,0.01997628275455631,0.0017849230523430681,0.01619566444458164,0.0019956952576316023,-0.018191359702213243,110.0,8.0
P2P_B028,0.3,0.018064456060528755,-0.002771730017849014,0.012558719107215996,0.02083618607837777,0.005505736953312759,0.01533044912506501,318.0,356.0
P2P_B028,0.3,0.00712977908551693,0.017104069805757363,0.011395048042144293,0.009974290720240434,0.004265268956627363,-0.00570902176361307,177.0,115.0
P2P_B028,0.3,0.01569235324859619,0.0009529866399896197,0.006315845221126708,0.014739366608606572,0.009376508027469484,0.005362858581137088,304.0,279.0
P2P_B028,0.3,0.021337073296308517,0.007531986698688868,0.012687509026494515,0.01380508659761965,0.008649564269814003,0.005155522327805646,342.0,272.0
P2P_B028,0.3,0.0001315025583608076,-0.008473717629820951,-0.0006933674817228702,0.008605220188181759,0.0008248700400836778,0.007780350148098081,25.0,311.0
P2P_B028,0.5,0.045207008719444275,0.03062135180401821,0.02944821500283712,0.014585656915426064,0.015758793716607156,-0.001173136801181092,298.0,216.0
P2P_B028,0.5,0.027602439746260643,0.04013629120012373,0.024864805931024574,0.012533851453863085,0.0027376338152360694,-0.015271485269099154,209.0,87.0
P2P_B028,0.5,0.040441617369651794,0.0286532276713072,0.025800383105865327,0.011788389698344594,0.014641234263786468,-0.002852844565441874,279.0,205.0
P2P_B028,0.5,0.04968990013003349,0.03511164768514768,0.04660943342712437,0.014578252444885816,0.0030804667029091237,0.011497785741976692,313.0,288.0
P2P_B028,0.5,0.029681062325835228,0.049539623048704254,0.018906559340888744,0.019858560722869026,0.010774502984946484,-0.03063306370781551,219.0,2.0
P2P_B028,0.5,0.01752447709441185,0.028101049112487717,0.015759972740158522,0.010576572018075867,0.0017645043542533281,-0.012341076372329195,138.0,121.0
P2P_B028,0.5,0.012103652581572533,0.023300750151846315,0.02381398725551013,0.011197097570273783,0.011710334673937596,0.0005132371036638134,92.0,229.0
P2P_B028,0.5,0.005065567791461945,0.016404810463366705,0.004471458387412454,0.01133924267190476,0.0005941094040494907,-0.011933352075954251,50.0,126.0
P2P_B028,0.7,0.20749914646148682,0.06733536290316308,0.17427755935276257,0.14016378355832373,0.03322158710872425,0.10694219644959949,379.0,379.0
P2P_B028,0.7,0.05715912580490112,0.07481818718357731,0.05509588004930953,0.01765906137867619,0.0020632457555915945,-0.019722307134267786,167.0,145.0
P2P_B028,0.7,0.028746938332915306,0.07157840024628921,0.024347065384159518,0.042831461913373906,0.004399872948755788,-0.047231334862129694,62.0,53.0
P2P_B028,0.7,0.045017510652542114,0.08052601555394215,0.04353596342828622,0.035508504901400034,0.0014815472242558914,-0.036990052125655926,125.0,81.0
P2P_B028,0.7,0.04165402054786682,0.0932466596541999,0.04494656592914806,0.05159263910633308,0.0032925453812812366,-0.04830009372505184,113.0,49.0
P2P_B028,0.7,0.1631350815296173,0.07912971722757353,0.11291713311966095,0.08400536430204378,0.05021794840995636,0.03378741589208742,361.0,301.0
P2P_B028,0.7,0.11968011409044266,0.08607458064104509,0.08247529016779544,0.03360553344939757,0.03720482392264722,-0.003599290473249653,315.0,204.0
P2P_B028,0.7,0.1697503924369812,0.07514942404726603,0.16918261077142357,0.09460096838971517,0.0005677816655576262,0.09403318672415754,364.0,373.0
P2P_B028,0.9,0.2087239921092987,0.2065786957474744,0.17776422625715896,0.0021452963618243115,0.030959765852139748,-0.028814469490315436,192.0,129.0
P2P_B028,0.9,0.09876561164855957,0.23318836258647713,0.0856410899031203,0.13442275093791756,0.013124521745439266,-0.14754727268335682,43.0,25.0
P2P_B028,0.9,0.17970256507396698,0.21635296054090009,0.1929676417029435,0.036650395466933106,0.013265076628976524,-0.02338531883795658,147.0,138.0
P2P_B028,0.9,0.2920287251472473,0.2164099211710412,0.2521594471814849,0.07561880397620613,0.039869277965762395,0.03574952601044373,305.0,247.0
P2P_B028,0.9,0.2639763355255127,0.20685398041434222,0.24334883447672617,0.057122355111170475,0.020627501048786523,0.03649485406238395,272.0,248.0
P2P_B028,0.9,0.29324790835380554,0.23547017838665313,0.3131450697960674,0.057777729967152414,0.019897161442261835,0.07767489140941425,307.0,321.0
P2P_B028,0.9,0.2842727303504944,0.22817467963194893,0.23911532516609046,0.056098050718545456,0.04515740518440392,0.010940645534141535,294.0,212.0
P2P_B028,0.9,0.29280298948287964,0.21444781158253023,0.21349588631914485,0.0783551779003494,0.0793071031637348,-0.0009519252633853892,306.0,187.0
P2P_B029,0.1,0.005129922181367874,0.00779711062301499,0.006831027408869726,0.0026671884416471156,0.001701105227501852,-0.0009660832141452635,256.0,175.0
P2P_B029,0.1,0.0006763264536857605,-0.003455654681815745,0.0044498056817032505,0.004131981135501506,0.00377347922801749,0.007905460363518996,66.0,315.0
P2P_B029,0.1,8.719555626157671e-05,-0.0058883581378833955,-0.0011863169814020913,0.005975553694144972,0.001273512537663668,0.004702041156481304,22.0,276.0
P2P_B029,0.1,0.007521211169660091,0.017781222865927884,0.008328462822819738,0.010260011696267793,0.0008072516531596463,-0.009452760043108147,311.0,59.0
P2P_B029,0.1,0.0009362207492813468,-0.002202823417522287,9.020983850319131e-06,0.003139044166803634,0.0009271997654310277,0.0022118444013726063,80.0,237.0
P2P_B029,0.1,0.005649901926517487,0.0032251834066094887,-0.0022500472287186185,0.002424718519907998,0.007899949155236105,-0.005475230635328107,276.0,93.0
P2P_B029,0.1,0.005750811193138361,0.014088331290400581,0.007232828764660547,0.00833752009726222,0.0014820175715221859,-0.006855502525740034,280.0,79.0
P2P_B029,0.1,0.0059171803295612335,0.001066816734567294,0.003425607915073209,0.004850363594993939,0.0024915724144880247,0.0023587911805059147,285.0,242.0
P2P_B029,0.3,0.023573245853185654,0.006341520421737766,0.027000263966102743,0.017231725431447888,0.0034270181129170893,0.020658743544364977,352.0,369.0
P2P_B029,0.3,0.002872505458071828,0.008979413699636118,0.0032403893877862577,0.006106908241564291,0.00036788392971442985,-0.005739024311849861,93.0,114.0
P2P_B029,0.3,0.019108222797513008,0.031017192951114006,0.025133359501021607,0.011908970153600998,0.006025136703508599,-0.005883833450092399,325.0,112.0
P2P_B029,0.3,0.008702130056917667,0.021556782232755235,0.015386671226820268,0.012854652175837568,0.006684541169902601,-0.006170111005934967,206.0,109.0
P2P_B029,0.3,0.017604846507310867,0.028618004178749018,0.02698044941709688,0.01101315767143815,0.009375602909786014,-0.0016375547616521366,315.0,182.0
P2P_B029,0.3,0.00691299419850111,0.014765189195695867,0.007965367758637334,0.007852194997194757,0.0010523735601362244,-0.006799821437058533,172.0,100.0
P2P_B029,0.3,0.012232903391122818,0.011874572586554222,0.008433006415722165,0.00035833080456859623,0.003799896975400653,-0.003441566170832057,266.0,154.0
P2P_B029,0.3,0.02594355121254921,0.008747009162687787,0.029513685617026456,0.017196542049861423,0.003570134404477246,0.02076667645433867,358.0,370.0
P2P_B029,0.5,0.017673108726739883,0.03846066536856678,0.021875451086281375,0.020787556641826896,0.004202342359541492,-0.016585214282285404,140.0,70.0
P2P_B029,0.5,0.0008685477660037577,0.01544109016094266,0.010868488395692932,0.014572542394938902,0.009999940629689175,-0.004572601765249727,23.0,191.0
P2P_B029,0.5,0.026861701160669327,0.01699722907800732,0.015397991041884967,0.009864472082662008,0.01146371011878436,-0.001599238036122351,202.0,214.0
P2P_B029,0.5,0.03709811717271805,0.02993192964055101,0.038527598073376634,0.007166187532167037,0.0014294809006585862,0.008595668432825623,259.0,274.0
P2P_B029,0.5,0.06082335487008095,0.023203852446466534,0.037441344106116756,0.037619502423614413,0.023382010763964192,0.014237491659650221,342.0,305.0
P2P_B029,0.5,0.030794717371463776,0.02057416568080879,0.026713265690708685,0.010220551690654986,0.004081451680755091,0.006139100009899895,230.0,267.0
P2P_B029,0.5,0.030117085203528404,0.04642904441727703,0.02000508210249348,0.016311959213748624,0.010112003101034925,-0.02642396231478355,223.0,14.0
P2P_B029,0.5,0.010921061970293522,0.03006989173427392,0.011964708730939022,0.0191488297639804,0.0010436467606455002,-0.0181051830033349,86.0,58.0
P2P_B029,0.7,0.07458460330963135,0.08308869225854223,0.08759567429199572,0.008504088948910887,0.01301107098236437,0.004506982033453483,219.0,231.0
P2P_B029,0.7,0.050908979028463364,0.07154035392280152,0.04641876112441426,0.020631374894338153,0.004490217904049104,-0.025121592798387257,142.0,123.0
P2P_B029,0.7,0.04719109833240509,0.0775538928506365,0.05736232772585258,0.030362794518231415,0.010171229393447487,-0.020191565124783928,132.0,141.0
P2P_B029,0.7,0.04604185000061989,0.08601334193725331,0.052313872275900924,0.03997149193663342,0.006272022275281036,-0.033699469661352385,128.0,95.0
P2P_B029,0.7,0.05731571465730667,0.07255284830250332,0.05599423481806018,0.015237133645196646,0.0013214798392464921,-0.016558613484443138,168.0,160.0
P2P_B029,0.7,0.12358485162258148,0.08460510041444433,0.11601585827336351,0.03897975120813715,0.00756899334921797,0.03141075785891918,325.0,295.0
P2P_B029,0.7,0.06286986172199249,0.07232114812555088,0.06973692651496266,0.009451286403558384,0.006867064792970168,-0.0025842216105882165,187.0,205.0
P2P_B029,0.7,0.007766206748783588,0.06183840503365565,0.0021008529879838755,0.05407219828487206,0.005665353760799713,-0.05973755204567177,25.0,16.0
P2P_B029,0.9,0.11124524474143982,0.2120907542421075,0.11555380426336581,0.10084550950066767,0.004308559521925992,-0.09653694997874168,55.0,51.0
P2P_B029,0.9,0.17742982506752014,0.2144946661613676,0.19634039091530409,0.037064841093847445,0.018910565847783944,-0.0181542752460635,143.0,148.0
P2P_B029,0.9,0.17817991971969604,0.23349021067112924,0.27903969695824754,0.055310290951433194,0.1008597772385515,0.0455494862871183,144.0,263.0
P2P_B029,0.9,0.20322026312351227,0.2247297025657472,0.25381816300752136,0.021509439442234934,0.05059789988400909,0.029088460441774155,185.0,237.0
P2P_B029,0.9,0.18363825976848602,0.22487726772184913,0.24076907006096643,0.041239007953363105,0.057130810292480405,0.0158918023391173,158.0,222.0
P2P_B029,0.9,0.1933870166540146,0.2108147282593878,0.23774274898436365,0.01742771160537321,0.04435573233034906,0.026928020724975854,170.0,233.0
P2P_B029,0.9,0.15573322772979736,0.22099774379105996,0.21992628373298606,0.0652645160612626,0.0641930560031887,-0.001071460058073903,107.0,186.0
P2P_B029,0.9,0.15892376005649567,0.2212689195127428,0.19589150269879796,0.062345159456247135,0.03696774264230229,-0.025377416813944842,113.0,136.0
P2P_B030,0.1,0.00017854809993878007,0.004066047913490731,0.0029049562697480713,0.0038874998135519506,0.0027264081698092912,-0.0011610916437426594,35.0,172.0
P2P_B030,0.1,2.225770367658697e-05,-0.024789548949936555,-0.002447215323381005,0.02481180665361314,0.002469473027057592,0.02234233362655555,12.0,383.0
P2P_B030,0.1,0.0005130841163918376,-0.009663178782813739,0.0009318329406995396,0.010176262899205576,0.000418748824307702,0.010595011723513278,60.0,341.0
P2P_B030,0.1,0.00035408633993938565,0.00244122352813346,0.006606546423340583,0.0020871371881940742,0.006252460083401197,0.004165322895207123,55.0,264.0
P2P_B030,0.1,0.0002904710127040744,0.015305556962837974,0.0015766298653297067,0.0150150859501339,0.0012861588526256323,-0.013728927097508267,47.0,24.0
P2P_B030,0.1,0.0016748827183619142,-0.012553658710778612,-0.0016843406041182757,0.014228541429140526,0.00335922332248019,0.010869318106660336,117.0,345.0
P2P_B030,0.1,0.003129746299237013,-0.01439815330682244,-0.002610267487528309,0.017527899606059452,0.005740013786765322,0.01178788581929413,175.0,350.0
P2P_B030,0.1,0.00022695367806591094,-0.00195452442909394,0.006241967668869898,0.002181478107159851,0.006015013990803987,0.008196492097963838,39.0,316.0
P2P_B030,0.3,0.0022541468497365713,-0.0021713404191914115,0.0013781394951306591,0.004425487268927983,0.0008760073546059122,0.0035494799143220707,76.0,252.0
P2P_B030,0.3,0.0008162555750459433,0.005973733232412272,0.0044946763052878674,0.005157477657366329,0.003678420730241924,-0.0014790569271244045,43.0,187.0
P2P_B030,0.3,0.0016575579065829515,0.006244067623989415,-0.001682187350940667,0.004586509717406463,0.0033397452575236186,-0.007926254974930082,67.0,84.0
P2P_B030,0.3,0.0010559274815022945,-0.006187894029587734,-0.00281985690571597,0.007243821511090029,0.0038757843872182646,0.0033680371238717643,48.0,251.0
P2P_B030,0.3,0.001177238067612052,0.023249033358344412,0.008744921129022004,0.02207179529073236,0.007567683061409952,-0.014504112229322408,52.0,20.0
P2P_B030,0.3,0.008916382677853107,0.023673871324483793,0.011835859456429822,0.014757488646630686,0.0029194767785767142,-0.011838011868053971,209.0,39.0
P2P_B030,0.3,0.009691201150417328,0.010852735894340992,-0.0004792641722197455,0.0011615347439236645,0.010170465322637073,-0.011332000066560738,228.0,43.0
P2P_B030,0.3,0.001584094949066639,0.007746078879111322,0.006218906043293407,0.006161983930044683,0.004634811094226768,-0.0015271728358179151,65.0,183.0
P2P_B030,0.5,0.0012629951816052198,0.02646149915202064,-0.00010490760038245339,0.02519850397041542,0.0013679027819876732,-0.026566406752403092,26.0,12.0
P2P_B030,0.5,0.002037429716438055,0.010543137462824613,0.0018367364912773299,0.008505707746386558,0.00020069322516072519,-0.008706400971547283,34.0,153.0
P2P_B030,0.5,0.062366992235183716,0.02918419204973121,0.04193917307496836,0.033182800185452506,0.020427819160215355,0.012754981025237151,345.0,298.0
P2P_B030,0.5,0.01435109693557024,0.03188981785484883,0.008704424974554148,0.01753872091927859,0.005646671961016092,-0.023185392880294683,112.0,27.0
P2P_B030,0.5,0.025233395397663116,0.015046327323693619,0.03197388156687149,0.010187068073969498,0.006740486169208373,0.01692755424317787,197.0,315.0
P2P_B030,0.5,0.01775072142481804,0.02803963354154819,0.019028027429731885,0.01028891211673015,0.001277306004913846,-0.009011606111816305,141.0,147.0
P2P_B030,0.5,0.020348437130451202,0.018031902785515842,0.021007047145172195,0.00231653434493536,0.0006586100147209922,0.0029751443596563523,159.0,253.0
P2P_B030,0.5,0.0032438316848129034,0.015046327323693619,0.0045876261451797545,0.011802495638880715,0.0013437944603668511,-0.010458701178513864,40.0,136.0
P2P_B030,0.7,0.06391336023807526,0.08113327469224077,0.08230750169632127,0.017219914454165514,0.018394141458246013,0.0011742270040804997,191.0,221.0
P2P_B030,0.7,0.11545157432556152,0.07025459422407253,0.16042562198707838,0.045196980101488995,0.04497404766151686,0.09017102776300585,304.0,370.0
P2P_B030,0.7,0.03564368560910225,0.06886344466903015,0.08653601695090078,0.0332197590599279,0.05089233134179853,0.017672572281870635,81.0,265.0
P2P_B030,0.7,0.11927977949380875,0.06340860244794742,0.09739046863180696,0.05587117704586132,0.021889310862001785,0.03398186618385954,312.0,303.0
P2P_B030,0.7,0.16191330552101135,0.057656219017442376,0.187887203251987,0.10425708650356898,0.025973897730975637,0.1302309842345446,359.0,383.0
P2P_B030,0.7,0.08471598476171494,0.07250789333307972,0.10855975286262602,0.012208091428635215,0.023843768100911086,0.0360518595295463,241.0,308.0
P2P_B030,0.7,0.08872473239898682,0.06173887323874841,0.0758535452240749,0.026985859160238407,0.01287118717491191,0.014114671985326496,252.0,256.0
P2P_B030,0.7,0.16518324613571167,0.07147354967967959,0.17388100835931475,0.09370969645603208,0.008697762223603078,0.10240745867963516,362.0,376.0
P2P_B030,0.9,0.015277132391929626,0.20162050740053716,0.02582736215806037,0.18634337500860754,0.010550229766130743,-0.1757931452424768,5.0,13.0
P2P_B030,0.9,0.32997387647628784,0.1895172820505282,0.29089125618258843,0.14045659442575964,0.03908262029369941,0.10137397413206023,339.0,341.0
P2P_B030,0.9,0.38218003511428833,0.21104562955903403,0.32126859094407956,0.1711344055552543,0.06091144417020877,0.11022296138504553,362.0,352.0
P2P_B030,0.9,0.09800407290458679,0.210630170023812,0.15673148335520232,0.11262609711922522,0.058727410450615525,-0.0538986866686097,42.0,98.0
P2P_B030,0.9,0.2398395836353302,0.21566005305131344,0.20983407588439165,0.024179530584016756,0.030005507750938548,-0.005825977166921792,240.0,176.0
P2P_B030,0.9,0.3854307234287262,0.2064692923236122,0.3012718513460546,0.178961431105114,0.08415887208267159,0.09480255902244242,363.0,337.0
P2P_B030,0.9,0.2524857819080353,0.20831770093874297,0.23324242939836573,0.04416808096929231,0.019243352509669548,0.024924728459622764,255.0,229.0
P2P_B030,0.9,0.3568158745765686,0.1895172820505282,0.3172798405338129,0.1672985925260404,0.039536034042755686,0.12776255848328472,351.0,366.0
P2P_B031,0.1,0.005752852186560631,0.012118066561086424,0.009491472279549558,0.006365214374525793,0.003738620092988927,-0.002626594281536866,281.0,138.0
P2P_B031,0.1,0.0014410438016057014,0.005605969875804827,0.004152996426417227,0.004164926074199125,0.0027119526248115255,-0.0014529734493875998,104.0,165.0
P2P_B031,0.1,0.003934936597943306,0.01405950373241957,0.005998958662882144,0.010124567134476264,0.0020640220649388377,-0.008060545069537427,212.0,73.0
P2P_B031,0.1,0.005067076534032822,0.0041411866463591795,0.0039199131039059365,0.0009258898876736421,0.0011471634301268852,-0.00022127354245324304,255.0,187.0
P2P_B031,0.1,0.0031746081076562405,-0.0007206665937975892,0.0035066557315647506,0.0038952747014538297,0.00033204762390851017,0.00422732232536234,176.0,267.0
P2P_B031,0.1,0.0035394136793911457,0.003893839745731681,0.008088305289199411,0.0003544260663405352,0.004548891609808266,0.0041944655434677305,200.0,265.0
P2P_B031,0.1,0.0003339624381624162,-0.0051282902618808995,0.003120047526861597,0.005462252700043316,0.0027860850886991806,0.008248337788742496,52.0,318.0
P2P_B031,0.1,0.003324847901239991,0.0084656501911093,0.00518920053434032,0.005140802289869309,0.0018643526331003288,-0.00327644965676898,188.0,126.0
P2P_B031,0.3,0.018826622515916824,0.013944331907311154,0.012516007135839807,0.00488229060860567,0.006310615380077017,-0.0014283247714713468,323.0,189.0
P2P_B031,0.3,0.01728801243007183,0.013189488451603969,0.006531180358311704,0.004098523978467862,0.010756832071760127,-0.0066583080932922645,311.0,103.0
P2P_B031,0.3,0.002327537862583995,0.003746925630545586,0.010965594546352292,0.0014193877679615913,0.008638056683768297,0.007218668915806706,82.0,302.0
P2P_B031,0.3,0.0001502109953435138,-0.0030580990601503655,0.003968328518233102,0.0032083100554938793,0.0038181175228895886,0.007026427578383468,26.0,299.0
P2P_B031,0.3,0.0055211372673511505,-0.0066325791476256335,0.0012091203261429262,0.012153716414976784,0.004312016941208224,0.00784169947376856,151.0,314.0
P2P_B031,0.3,0.0023137428797781467,-0.0025724588660488296,-0.005639749452241827,0.004886201745826976,0.007953492332019974,-0.003067290586192997,81.0,160.0
P2P_B031,0.3,0.005009821616113186,0.017338042201994378,0.004100451186742404,0.012328220585881192,0.0009093704293707816,-0.013237591015251973,139.0,29.0
P2P_B031,0.3,0.0010902807116508484,0.007769924622104442,0.001790035048201133,0.0066796439104535935,0.0006997543365502845,-0.005979889573903309,51.0,111.0
P2P_B031,0.5,0.0376589298248291,0.04774438914230589,0.03160292430006453,0.010085459317476786,0.006056005524764568,-0.016141464842241354,263.0,75.0
P2P_B031,0.5,0.06202896311879158,0.030636894316394103,0.06594500184370918,0.03139206880239748,0.003916038724917595,0.03530810752731507,344.0,355.0
P2P_B031,0.5,0.010678023099899292,0.030309352012806004,0.015875940353027994,0.019631328912906712,0.005197917253128702,-0.01443341165977801,84.0,100.0
P2P_B031,0.5,0.03215097635984421,0.01717961539911858,0.035493384697545684,0.014971360960725627,0.003342408337701476,0.018313769298427103,236.0,320.0
P2P_B031,0.5,1.0534993634792045e-05,0.011718648214011196,0.009162713211579146,0.011708113220376404,0.009152178217944354,-0.00255593500243205,10.0,206.0
P2P_B031,0.5,0.007952970452606678,0.008157754983803445,0.008387857624258338,0.00020478453119676665,0.00043488717165166,0.00023010264045489337,70.0,227.0
P2P_B031,0.5,0.0004931425792165101,0.010571900375575552,-0.003819628092452468,0.010078757796359042,0.004312770671668978,-0.01439152846802802,21.0,101.0
P2P_B031,0.5,0.026094436645507812,0.03822006385018753,0.023204070725125828,0.012125627204679718,0.002890365920381985,-0.015015993125061702,201.0,93.0
P2P_B031,0.7,0.040975525975227356,0.06286412380492229,0.047027153015523654,0.021888597829694934,0.006051627040296298,-0.015836970789398636,105.0,163.0
P2P_B031,0.7,0.024223189800977707,0.09935894040027372,0.04678152975822225,0.07513575059929602,0.022558339957244544,-0.05257741064205147,51.0,36.0
P2P_B031,0.7,0.007647911086678505,0.07013310967053715,0.011059357549126826,0.06248519858385865,0.0034114464624483212,-0.059073752121410326,24.0,19.0
P2P_B031,0.7,0.07484927773475647,0.08202301370623308,0.11413253241532342,0.007173735971476608,0.039283254680566954,0.032109518709090346,221.0,298.0
P2P_B031,0.7,0.11154156923294067,0.07935202519295563,0.15536731253400726,0.032189544039985044,0.04382574330106659,0.07601528734105163,299.0,361.0
P2P_B031,0.7,0.04366770386695862,0.07818588759470965,0.05869932853361827,0.034518183727751034,0.015031624666659651,-0.019486559061091382,119.0,147.0
P2P_B031,0.7,0.08964912593364716,0.0699296604159361,0.09845256587050855,0.01971946551771106,0.00880343993686139,0.02852290545457245,254.0,289.0
P2P_B031,0.7,0.06987255811691284,0.06868639913596467,0.05918872701481785,0.0011861589809481765,0.01068383110209499,-0.009497672121146813,209.0,186.0
P2P_B031,0.9,0.1505572646856308,0.20790576257741855,0.20169965643328214,0.05734849789178775,0.05114239174765134,-0.006206106144136414,102.0,175.0
P2P_B031,0.9,0.17723554372787476,0.20173870403385985,0.22872632049995034,0.024503160305985094,0.051490776772075586,0.02698761646609049,142.0,234.0
P2P_B031,0.9,0.16623999178409576,0.19219155590783943,0.20715709554321715,0.025951564123743665,0.04091710375912139,0.014965539635377723,125.0,219.0
P2P_B031,0.9,0.16697853803634644,0.22739473936697835,0.14768358211399685,0.06041620133063191,0.019294955922349588,-0.0797111572529815,127.0,63.0
P2P_B031,0.9,0.05521003156900406,0.20895673869997938,0.10155139503327462,0.15374670713097532,0.04634136346427056,-0.10740534366670476,19.0,38.0
P2P_B031,0.9,0.08016184717416763,0.21515649881010662,0.16411881488733893,0.134994651635939,0.0839569677131713,-0.051037683922767696,31.0,100.0
P2P_B031,0.9,0.20896096527576447,0.21674001600463044,0.270024805916314,0.007779050728865977,0.06106384064054954,0.05328478991168356,193.0,276.0
P2P_B031,0.9,0.15911191701889038,0.19219155590783943,0.21906896513212715,0.03307963888894905,0.059957048113236766,0.02687740922428772,114.0,232.0
P2P_B032,0.1,0.002171080792322755,0.008915541081469962,0.008306601586254292,0.006744460289147207,0.006135520793931537,-0.0006089394952156699,136.0,180.0
P2P_B032,0.1,0.0040513561107218266,-0.002679883162847896,0.002665506827602568,0.006731239273569722,0.0013858492831192587,0.005345389990450464,216.0,285.0
P2P_B032,0.1,0.00024767612922005355,-0.01784196728572479,-0.0013322576956084353,0.018089643414944845,0.0015799338248284889,0.016509709590116356,44.0,376.0
P2P_B032,0.1,0.004265766125172377,0.007689610556639366,0.00830042059177901,0.0034238444314669894,0.004034654466606634,0.0006108100351396445,227.0,199.0
P2P_B032,0.1,0.0020873805042356253,0.00502770367226766,0.005728597764959487,0.0029403231680320344,0.0036412172607238613,0.000700894092691827,133.0,203.0
P2P_B032,0.1,0.006855016574263573,0.005601146196096703,0.0059152144218172775,0.00125387037816687,0.0009398021524462952,0.00031406822572057486,301.0,192.0
P2P_B032,0.1,0.004838935099542141,0.008827704321430145,0.005463857367142895,0.003988769221888004,0.000624922267600754,-0.00336384695428725,252.0,120.0
P2P_B032,0.1,1.2320277846811223e-06,-0.020092741459852972,-0.0022072793578772343,0.020093973487637654,0.0022085113856619154,0.017885462101975738,7.0,379.0
P2P_B032,0.3,0.018690181896090508,0.042113885884995705,0.016734314847111825,0.023423703988905198,0.0019558670489786822,-0.02537957103788388,321.0,2.0
P2P_B032,0.3,6.323225534288213e-07,-0.01779355538300441,0.0017983327495526003,0.017794187705557837,0.0017977004269991714,0.01959188813255701,2.0,366.0
P2P_B032,0.3,0.005865692161023617,0.020085028748310398,0.015184922186419113,0.01421933658728678,0.009319230025395496,-0.004900106561891285,160.0,128.0
P2P_B032,0.3,0.008017705753445625,0.006487873947214284,0.00473777876910611,0.001529831806231341,0.003279926984339515,-0.0017500951781081742,194.0,181.0
P2P_B032,0.3,1.9992155557702063e-06,-0.014975105919034393,-0.0016842772779547543,0.014977105134590163,0.0016862764935105246,0.013290828641079638,5.0,350.0
P2P_B032,0.3,0.026429321616888046,0.010085355862025872,0.01683250778554661,0.016343965754862175,0.009596813831341436,0.006747151923520739,359.0,297.0
P2P_B032,0.3,0.006467905826866627,-0.0010993038591020354,0.0013589047251412745,0.007567209685968662,0.005109001101725352,0.00245820858424331,167.0,239.0
P2P_B032,0.3,0.00907299853861332,0.0018422793018866568,0.00584739813500916,0.007230719236726663,0.003225600403604159,0.0040051188331225035,213.0,257.0
P2P_B032,0.5,0.020433876663446426,0.014986735103293021,0.015627921789987204,0.005447141560153405,0.004805954873459223,0.0006411866866941826,161.0,232.0
P2P_B032,0.5,0.04661696031689644,0.047907578194360916,0.025725841715037195,0.001290617877464477,0.020891118601859243,-0.02218173647932372,304.0,33.0
P2P_B032,0.5,0.06960372626781464,0.035991838786250493,0.035734967188456375,0.03361188748156414,0.03386875907935826,-0.00025687159779411856,356.0,221.0
P2P_B032,0.5,0.03473810851573944,0.038099850784872644,0.03011659275507851,0.0033617422691332027,0.00462151576066093,-0.007983258029794132,248.0,162.0
P2P_B032,0.5,0.030531464144587517,0.04096598043252085,0.04036828495716776,0.010434516287933335,0.009836820812580242,-0.0005976954753530925,227.0,220.0
P2P_B032,0.5,2.016486178035848e-05,0.0051548841422866185,-0.0045079830450602265,0.00513471928050626,0.004528147906840585,-0.009662867187346845,11.0,142.0
P2P_B032,0.5,0.015978539362549782,0.04353110434610093,0.021958198855528646,0.027552564983551145,0.005979659492978864,-0.02157290549057228,128.0,36.0
P2P_B032,0.5,0.03299164026975632,0.025895236967483762,0.01797530245774044,0.007096403302272555,0.015016337812015876,-0.00791993450974332,242.0,163.0
P2P_B032,0.7,0.10539764910936356,0.09244012792746922,0.08197972807453394,0.012957521181894333,0.02341792103482962,-0.010460399852935287,286.0,182.0
P2P_B032,0.7,0.006794843822717667,0.0747262032703617,0.01613095168906982,0.06793135944764403,0.009336107866352153,-0.05859525158129188,20.0,21.0
P2P_B032,0.7,0.01957193948328495,0.0799039631283647,0.015719533140472815,0.06033202364507975,0.0038524063428121355,-0.0641844299878919,40.0,9.0
P2P_B032,0.7,0.0032808100804686546,0.061203036443270784,-0.009282246219028359,0.05792222636280213,0.012563056299497014,-0.07048528266229914,16.0,3.0
P2P_B032,0.7,0.040829695761203766,0.08570373183638844,0.03923341063836311,0.04487403607518467,0.0015962851228406572,-0.04647032119802533,104.0,56.0
P2P_B032,0.7,0.08837398886680603,0.0853936732369258,0.07837295306140195,0.0029803156298802286,0.010001035805404082,-0.0070207201755238535,251.0,192.0
P2P_B032,0.7,0.040502458810806274,0.09310483285454269,0.03264814832073042,0.05260237404373641,0.007854310490075851,-0.06045668453381226,102.0,15.0
P2P_B032,0.7,0.10178336501121521,0.08615220951490389,0.06851007301618381,0.01563115549631132,0.0332732919950314,-0.017642136498720082,282.0,156.0
P2P_B032,0.9,0.3066108822822571,0.23095679678349407,0.29639461132270295,0.07565408549876301,0.01021627095955413,0.06543781453920888,319.0,301.0
P2P_B032,0.9,0.25880032777786255,0.2235526564693428,0.20162924463731619,0.035247671308519746,0.057171083140546364,-0.021923411832026618,266.0,143.0
P2P_B032,0.9,0.1719803661108017,0.2035407111096787,0.12834334732289485,0.031560344998877,0.04363701878790685,-0.07519736378678385,133.0,68.0
P2P_B032,0.9,0.03580643981695175,0.18725810593754244,0.01265476695053424,0.1514516661205907,0.023151672866417512,-0.1746033389870082,12.0,14.0
P2P_B032,0.9,0.08457832038402557,0.20320198606092388,0.02349642722637598,0.1186236656768983,0.06108189315764959,-0.1797055588345479,32.0,11.0
P2P_B032,0.9,0.22764846682548523,0.20384150973235504,0.16926091969843546,0.023806957093130188,0.05838754712704977,-0.034580590033919584,219.0,117.0
P2P_B032,0.9,0.11737601459026337,0.20919824268837317,0.05301005999572363,0.0918222280981098,0.06436595459453974,-0.15618818269264956,63.0,18.0
P2P_B032,0.9,0.07040485739707947,0.22228368750379185,0.046478463390373245,0.15187883010671238,0.023926394006706223,-0.1758052241134186,26.0,12.0
P2P_B033,0.1,1.0283858955517644e-06,-0.02402240713762932,-0.007624351663932702,0.024023435523524872,0.007625380049828254,0.01639805547369662,6.0,374.5
P2P_B033,0.1,0.005805987399071455,0.006445087598944126,0.008681078851751095,0.0006391001998726706,0.00287509145267964,0.0022359912528069695,283.0,239.0
P2P_B033,0.1,0.00019668917229864746,-0.013008820372796909,0.003977382576468277,0.013205509545095556,0.00378069340416963,0.016986202949265186,37.0,378.0
P2P_B033,0.1,0.00032954319613054395,-0.008187630064166063,0.00031333225805905973,0.008517173260296607,1.6210938071484216e-05,0.008500962322225122,51.0,321.0
P2P_B033,0.1,0.0002823545364663005,-0.0173075709800828,-0.0018163388028238497,0.0175899255165491,0.0020986933392901502,0.015491232177258951,46.0,372.0
P2P_B033,0.1,0.0019455377478152514,-0.002963677355061964,0.0019508421116235103,0.004909215102877215,5.304363808258938e-06,0.004914519466685474,126.0,279.0
P2P_B033,0.1,3.756369437724061e-07,-0.02402240713762932,-0.007624351663932702,0.024022782774573093,0.007624727300876474,0.01639805547369662,1.0,374.5
P2P_B033,0.1,0.0015971286920830607,-0.0019570887806814735,0.0022663692231459504,0.0035542174727645343,0.0006692405310628896,0.004223458003827424,112.0,266.0
P2P_B033,0.3,0.0006446290062740445,-0.0038146794562044506,0.0024091361336590483,0.004459308462478495,0.0017645071273850038,0.006223815589863499,38.0,292.0
P2P_B033,0.3,0.0005599206197075546,-0.010388771426002752,0.002657137428402928,0.010948692045710307,0.0020972168086953735,0.01304590885440568,37.0,348.0
P2P_B033,0.3,0.02175859361886978,-0.010388771426002752,0.011581963744357951,0.03214736504487253,0.01017662987451183,0.021970735170360703,343.0,373.0
P2P_B033,0.3,0.0032130859326571226,0.019501569964386338,0.018550005085586928,0.016288484031729215,0.015336919152929805,-0.0009515648787994102,98.0,198.0
P2P_B033,0.3,4.748692390421638e-06,-0.016023547508828645,-0.0005557342024011952,0.016028296201219067,0.0005604828947916168,0.01546781330642745,10.0,358.0
P2P_B033,0.3,0.0028077017050236464,0.004698846635499909,0.009355848357375775,0.0018911449304762629,0.006548146652352128,0.0046570017218758655,92.0,265.0
P2P_B033,0.3,0.0035877744667232037,0.01179230126511304,0.007762578477408383,0.008204526798389837,0.004174804010685179,-0.004029722787704658,106.0,144.0
P2P_B033,0.3,0.013051663525402546,0.00633137738530002,0.017086778224974453,0.006720286140102526,0.004035114699571907,0.010755400839674432,275.0,337.0
P2P_B033,0.5,6.572050779141136e-07,0.003460509413249019,-0.0012951307111132154,0.0034598522081711047,0.0012957879161911295,-0.004755640124362234,6.0,186.5
P2P_B033,0.5,4.666442521283898e-07,0.003460509413249019,-0.0012951307111132154,0.0034600427689968904,0.0012955973553653438,-0.004755640124362234,4.0,186.5
P2P_B033,0.5,9.75789021140372e-07,0.003460509413249019,-0.01444680943653058,0.0034595336242278785,0.01444778522555172,-0.0179073188497796,7.0,62.0
P2P_B033,0.5,0.0014754075091332197,0.0024210603920576945,0.00393864742168458,0.0009456528829244748,0.00246323991255136,0.001517587029626885,29.0,243.0
P2P_B033,0.5,0.00797107070684433,0.021227203519637403,0.013310285601640617,0.013256132812793073,0.0053392148947962875,-0.007916917917996785,71.0,164.0
P2P_B033,0.5,3.5821241795019887e-07,0.008555655761805621,0.005315051138519142,0.00855529754938767,0.005314692926101192,-0.003240604623286479,3.0,200.0
P2P_B033,0.5,3.5441945556158316e-07,0.003460509413249019,-0.0012951307111132154,0.0034601549937934573,0.001295485130568777,-0.004755640124362234,2.0,186.5
P2P_B033,0.5,3.141915385640459e-07,0.003460509413249019,-0.0012951307111132154,0.003460195221710455,0.0012954449026517795,-0.004755640124362234,1.0,186.5
P2P_B033,0.7,0.010390198789536953,0.050463837201283945,0.016512560935108098,0.04007363841174699,0.006122362145571145,-0.03395127626617585,28.0,94.0
P2P_B033,0.7,0.017069194465875626,0.0721400518002167,0.022373003545986758,0.05507085733434107,0.005303809080111133,-0.04976704825422994,37.0,42.0
P2P_B033,0.7,1.338957304142241e-06,0.0585372703057057,0.014676811066900164,0.05853593134840156,0.014675472109596022,-0.043860459238805535,3.0,65.0
P2P_B033,0.7,0.010731985792517662,0.06672654246271899,0.02954815864830304,0.055994556670201326,0.01881617285578538,-0.03717838381441595,29.0,80.0
P2P_B033,0.7,0.01714259386062622,0.10197838247627872,0.06989531782141344,0.0848357886156525,0.052752723960787215,-0.03208306465486528,38.0,102.0
P2P_B033,0.7,0.010742553509771824,0.07846261278422259,0.02383787935677193,0.06772005927445077,0.013095325847000107,-0.05462473342745066,30.0,30.0
P2P_B033,0.7,1.2784944374288898e-06,0.0585372703057057,-0.0023405604311449446,0.05853599181126827,0.0023418389255823735,-0.060877830736850644,2.0,13.0
P2P_B033,0.7,0.02820584923028946,0.06672654246271899,0.03980918197275567,0.03852069323242953,0.011603332742466207,-0.02691736048996332,60.0,116.0
P2P_B033,0.9,0.10625055432319641,0.23213640127096702,0.09760574541126273,0.1258858469477706,0.008644808911933685,-0.1345306558597043,52.0,30.0
P2P_B033,0.9,0.011009078472852707,0.19608251688573108,0.045982315423843054,0.18507343841287838,0.03497323695099035,-0.15010020146188802,2.0,22.0
P2P_B033,0.9,0.04530991613864899,0.21831735577190436,0.026298117864233875,0.17300743963325538,0.019011798274415112,-0.1920192379076705,16.0,5.0
P2P_B033,0.9,0.14203231036663055,0.2173594154863569,0.16312011356623474,0.07532710511972635,0.021087803199604183,-0.05423930192012216,91.0,96.0
P2P_B033,0.9,0.03975178673863411,0.22177757672020526,0.039843045340433564,0.18202578998157115,9.125860179945433e-05,-0.1819345313797717,13.0,9.0
P2P_B033,0.9,0.012791936285793781,0.22195336332117255,-0.002197741680919782,0.20916142703537877,0.014989677966713563,-0.22415110500209234,3.0,2.0
P2P_B033,0.9,0.182074636220932,0.22618153421742382,0.1364800476646621,0.04410689799649181,0.04559458855626991,-0.08970148655276172,152.0,56.0
P2P_B033,0.9,0.14791318774223328,0.219457748757926,0.1365650011832224,0.07154456101569273,0.011348186559010875,-0.0828927475747036,99.0,59.0
P2P_B034,0.1,0.005921469070017338,0.014691244581874277,0.010241264596197945,0.00876977551185694,0.004319795526180607,-0.004449979985676332,286.0,106.0
P2P_B034,0.1,0.0014200707664713264,0.0016818605420427374,0.008564655446429113,0.00026178977557141103,0.007144584679957787,0.006882794904386376,102.0,311.0
P2P_B034,0.1,1.5519480029979604e-06,-0.020679680593146413,0.00011415406995209099,0.02068123254114941,0.00011260212194909303,0.020793834663098504,8.0,382.0
P2P_B034,0.1,0.001629795995540917,-0.010177491999558641,0.0032181951999720737,0.011807287995099558,0.0015883992044311568,0.013395687199530715,114.0,361.0
P2P_B034,0.1,0.0033429553732275963,0.006294622590618061,0.003343947678559195,0.002951667217390465,9.92305331598553e-07,-0.0029506749120588663,190.0,132.0
P2P_B034,0.1,0.0031249914318323135,-0.01001780490873172,0.0006938736232427606,0.013142796340564034,0.002431117808589553,0.01071167853197448,174.0,342.0
P2P_B034,0.1,2.3051809421303915e-06,-0.024225942660436567,-0.001568795356075528,0.024228247841378697,0.0015711005370176584,0.02265714730436104,9.0,384.0
P2P_B034,0.1,0.0026516742072999477,0.0014019029602044403,-0.0011926796031870857,0.0012497712470955075,0.0038443538104870334,-0.002594582563391526,155.0,139.0
P2P_B034,0.3,0.015031654387712479,-0.0023570674724762153,0.010800037535717101,0.017388721860188694,0.004231616851995378,0.013157105008193316,294.0,349.0
P2P_B034,0.3,0.0013571776216849685,0.00779393025679026,0.0015246458187716666,0.006436752635105292,0.00016746819708669813,-0.006269284438018594,56.0,108.0
P2P_B034,0.3,0.005168098956346512,0.00955873944710254,0.009899986504445825,0.004390640490756027,0.004731887548099313,0.00034124705734328575,142.0,208.0
P2P_B034,0.3,0.0007188926683738828,0.009564147021264208,0.00504740738793668,0.008845254352890325,0.004328514719562797,-0.004516739633327528,41.0,134.0
P2P_B034,0.3,0.007086851634085178,0.00871590441214739,0.01427150557333192,0.0016290527780622108,0.007184653939246742,0.005555601161184531,176.0,282.0
P2P_B034,0.3,0.01794733665883541,0.006131256826767996,0.029526192268204063,0.011816079832067415,0.011578855609368652,0.023394935441436067,317.0,376.0
P2P_B034,0.3,0.0010058805346488953,-0.006538108496510528,0.002586310354475846,0.007543989031159423,0.0015804298198269506,0.009124418850986374,47.0,329.0
P2P_B034,0.3,0.002262443071231246,0.008677379235016422,0.01184240322545499,0.006414936163785176,0.009579960154223743,0.0031650239904385674,77.0,248.0
P2P_B034,0.5,0.0149460444226861,0.023906590908264018,0.019192165752927447,0.008960546485577918,0.004246121330241347,-0.004714425155336571,120.0,189.0
P2P_B034,0.5,0.014643682166934013,0.0187891864190822,0.01249338831759391,0.0041455042521481855,0.0021502938493401028,-0.006295798101488288,115.0,176.0
P2P_B034,0.5,0.0039051733911037445,0.028534134121833282,0.012926132099387144,0.024628960730729538,0.0090209587082834,-0.015608002022446138,45.0,79.0
P2P_B034,0.5,0.014178790152072906,0.05806457456952772,0.03491520664916208,0.04388578441745481,0.020736416497089176,-0.023149367920365635,109.0,29.0
P2P_B034,0.5,0.0032701746094971895,0.01904568251518097,0.008595951794088147,0.01577550790568378,0.005325777184590957,-0.010449730721092822,41.0,137.0
P2P_B034,0.5,0.0016540957149118185,0.02378128750357355,0.00919165022036264,0.02212719178866173,0.007537554505450822,-0.014589637283210909,33.0,97.0
P2P_B034,0.5,0.008590590208768845,0.03882687234821623,0.01422847751541912,0.030236282139447387,0.005637887306650276,-0.02459839483279711,73.0,21.0
P2P_B034,0.5,0.031056199222803116,0.02104093961048043,0.02930629545393553,0.010015259612322684,0.0017499037688675848,0.0082653558434551,231.0,272.0
P2P_B034,0.7,0.035408034920692444,0.07856405906720156,0.04316989725203656,0.04315602414650911,0.007761862331344113,-0.035394161815165,79.0,86.0
P2P_B034,0.7,0.007481888867914677,0.07137258017586968,0.013251473617414793,0.06389069130795501,0.005769584749500116,-0.05812110655845489,23.0,22.0
P2P_B034,0.7,1.426637936674524e-06,0.06151970304441341,0.0123202936371773,0.06151827640647674,0.012318866999240626,-0.04919940940723611,4.0,44.0
P2P_B034,0.7,0.056656673550605774,0.07528690447979967,0.08031634835551003,0.0186302309291939,0.02365967480490426,0.00502944387571036,163.0,232.0
P2P_B034,0.7,0.04830518364906311,0.07904356183280246,0.061064716151376645,0.030738378183739354,0.012759532502313535,-0.01797884568142582,137.0,151.0
P2P_B034,0.7,0.04154377430677414,0.08389130380785072,0.06411598123480773,0.04234752950107658,0.022572206928033592,-0.019775322573042986,110.0,143.0
P2P_B034,0.7,0.03932909294962883,0.08619711147116232,0.06979053266083576,0.046868018521533494,0.030461439711206934,-0.01640657881032656,97.0,162.0
P2P_B034,0.7,0.03979802504181862,0.0733344250951676,0.03596871347187141,0.033536400053348986,0.0038293115699472094,-0.037365711623296195,100.0,79.0
P2P_B034,0.9,0.1313266158103943,0.21734195897422304,0.18634292300158212,0.08601534316382875,0.05501630719118783,-0.03099903597264092,78.0,125.0
P2P_B034,0.9,0.1438182294368744,0.20854540191299592,0.14073793458499834,0.06472717247612153,0.003080294851876053,-0.06780746732799758,92.0,78.0
P2P_B034,0.9,0.23228339850902557,0.22495093068865268,0.22674760844550845,0.00733246782037289,0.005535790063517121,0.001796677756855769,232.0,193.0
P2P_B034,0.9,0.33374661207199097,0.20399158143118856,0.33764149542676025,0.1297550306408024,0.003894883354769285,0.1336499139955717,342.0,367.0
P2P_B034,0.9,0.1963401436805725,0.19975769940124394,0.2558066821693423,0.003417555720671428,0.059466538488769816,0.05604898276809839,176.0,284.0
P2P_B034,0.9,0.2825462520122528,0.21602408515975452,0.2916855864176072,0.06652216685249829,0.009139334405354416,0.0756615012578527,290.0,315.0
P2P_B034,0.9,0.36852341890335083,0.21588587113983482,0.3434223420484485,0.152637547763516,0.025101076854902316,0.1275364709086137,356.0,364.0
P2P_B034,0.9,0.20467108488082886,0.2258917674301591,0.23315649011597378,0.02122068254933024,0.028485405235144923,0.007264722685814684,189.0,202.0
P2P_B035,0.1,0.006897368934005499,0.021369825350853563,0.012433577722332063,0.014472456416848065,0.0055362087883265645,-0.0089362476285215,304.0,64.0
P2P_B035,0.1,5.394860522756062e-07,-0.02123088454577919,-0.006186833345442136,0.021231424031831467,0.0061873728314944115,0.015044051200337055,3.0,371.0
P2P_B035,0.1,2.5909852411132306e-05,-0.016730699103534863,-0.005442670616288975,0.016756608955945995,0.005468580468700107,0.011288028487245888,14.0,348.0
P2P_B035,0.1,0.00393919600173831,0.006343464706176319,0.00921668943423394,0.002404268704438009,0.005277493432495631,0.0028732247280576217,213.0,248.0
P2P_B035,0.1,5.973299721517833e-07,-0.02068773222933659,-0.005881736001571394,0.020688329559308744,0.005882333331543546,0.014805996227765197,4.0,369.5
P2P_B035,0.1,0.0002946707245428115,0.004944675937659043,0.01175995790576767,0.004650005213116232,0.011465287181224859,0.006815281968108627,48.0,309.0
P2P_B035,0.1,0.0019855471327900887,0.005711211575409339,0.007532365405700243,0.0037256644426192503,0.005546818272910155,0.0018211538302909044,129.0,229.0
P2P_B035,0.1,6.133573720035201e-07,-0.02068773222933659,-0.005881736001571394,0.020688345586708595,0.005882349358943398,0.014805996227765197,5.0,369.5
P2P_B035,0.3,1.1668017577903811e-05,-0.01014072842300133,-0.0023188851694820045,0.010152396440579234,0.0023305531870599083,0.007821843253519326,14.0,313.0
P2P_B035,0.3,0.004513354506343603,0.014400420986983527,0.009791536721886554,0.009887066480639924,0.005278182215542951,-0.004608884265096973,124.0,131.0
P2P_B035,0.3,4.262987829406484e-07,-0.013218879825515811,-0.00021790801890035627,0.013219306124298752,0.00021833431768329692,0.013000971806615455,1.0,347.0
P2P_B035,0.3,0.00909613911062479,0.016123160350156034,0.008019871027109382,0.007027021239531243,0.0010762680835154081,-0.008103289323046652,214.0,77.0
P2P_B035,0.3,3.6231967897037975e-06,-0.012092088326216319,-0.0029940465851073794,0.012095711523006022,0.0029976697818970832,0.00909804174110894,7.0,327.0
P2P_B035,0.3,0.013597479090094566,0.009980459000959938,0.01324917258666318,0.003617020089134629,0.00034830650343138647,0.0032687135857032423,280.0,249.0
P2P_B035,0.3,2.2389692730939714e-06,-0.009404135760126234,0.00017943891442610826,0.009406374729399328,0.0001771999451530143,0.009583574674552342,6.0,334.0
P2P_B035,0.3,1.5449746570084244e-05,-0.010342719602808512,-0.001940260020416154,0.010358169349378596,0.0019557097669862383,0.008402459582392358,15.0,321.0
P2P_B035,0.5,0.02113686129450798,0.011664492812589564,0.024018879511973762,0.009472368481918417,0.0028820182174657816,0.012354386699384198,169.0,295.0
P2P_B035,0.5,0.01254110038280487,0.022896536967926567,0.01858678092463282,0.010355436585121697,0.006045680541827948,-0.0043097560432937485,97.0,192.0
P2P_B035,0.5,0.008241161704063416,0.022527196476268788,0.015706320429544965,0.014286034772205372,0.007465158725481549,-0.006820876046723823,72.0,173.0
P2P_B035,0.5,0.007277236320078373,0.032812678798719325,0.00679513063173344,0.025535442478640952,0.00048210568834493317,-0.026017548166985885,60.0,15.0
P2P_B035,0.5,5.400877398642479e-07,0.0046011594865948136,0.002543042837339332,0.004600619398854949,0.002542502749599468,-0.0020581166492554814,5.0,212.0
P2P_B035,0.5,0.00020675346604548395,0.022054196809883804,0.009565985974818399,0.02184744334383832,0.009359232508772915,-0.012488210835065405,16.0,119.0
P2P_B035,0.5,0.037231720983982086,0.03497589821746986,0.040046016959187386,0.0022558227665122263,0.0028142959752053,0.005070118741717526,260.0,262.0
P2P_B035,0.5,0.043680690228939056,0.016359825485874106,0.021250050426625894,0.02732086474306495,0.022430639802313163,0.0048902249407517875,291.0,261.0
P2P_B035,0.7,0.09642097353935242,0.07538912490631718,0.0976193504212887,0.02103184863303524,0.0011983768819362889,0.02223022551497153,269.0,272.0
P2P_B035,0.7,0.06024114787578583,0.05984452917193234,0.0445855590170256,0.00039661870385349074,0.015655588858760228,-0.015258970154906737,176.0,165.0
P2P_B035,0.7,3.569958789739758e-05,0.06254517805224535,0.00782178291517728,0.06250947846434796,0.007786083327279883,-0.05472339513706807,7.0,29.0
P2P_B035,0.7,0.06650383770465851,0.07794218164506551,0.06820745177210291,0.011438343940407006,0.0017036140674444034,-0.009734729872962603,195.0,185.0
P2P_B035,0.7,0.04164738208055496,0.06920926374476147,0.03693687906252863,0.027561881664206506,0.004710503018026335,-0.03227238468223284,112.0,101.0
P2P_B035,0.7,0.010841692797839642,0.06254517805224535,0.011223567882220259,0.05170348525440571,0.00038187508438061735,-0.051321610170025095,31.0,39.0
P2P_B035,0.7,1.1692129646689864e-06,0.05419779002895245,0.008494882161472789,0.05419662081598778,0.00849371294850812,-0.04570290786747966,1.0,57.0
P2P_B035,0.7,0.0007364684715867043,0.05869971738924165,0.010346198782236686,0.05796324891765495,0.009609730310649982,-0.048353518607004965,11.0,48.0
P2P_B035,0.9,0.16563954949378967,0.20003728483645672,0.1708881101851814,0.034397735342667046,0.005248560691391735,-0.02914917465127531,124.0,127.0
P2P_B035,0.9,5.381958203543036e-07,0.19308508310969796,-0.0015591281783043226,0.1930845449138776,0.001559666374124677,-0.1946442112880023,1.0,3.0
P2P_B035,0.9,0.0999879539012909,0.19611596262390596,0.09823108024509487,0.09612800872261507,0.0017568736561960202,-0.09788488237881109,44.0,49.0
P2P_B035,0.9,0.0868338793516159,0.1894760204579063,0.11935805926629486,0.10264214110629039,0.03252417991467896,-0.07011796119161143,34.0,76.0
P2P_B035,0.9,0.12192931771278381,0.19611596262390596,0.13554007118474315,0.07418664491112215,0.013610753471959336,-0.06057589143916281,67.0,84.0
P2P_B035,0.9,0.019815955311059952,0.2061395940509887,0.020824902552856434,0.18632363873992874,0.0010089472417964818,-0.18531469149813226,7.0,8.0
P2P_B035,0.9,0.09183778613805771,0.19989871776225632,0.04678576927234881,0.10806093162419861,0.0450520168657089,-0.1531129484899075,37.0,20.0
P2P_B035,0.9,0.0892176404595375,0.19989871776225632,0.09808467362921039,0.11068107730271881,0.008867033169672883,-0.10181404413304593,36.0,44.0
P2P_B036,0.1,0.002830968238413334,-0.000708512382559312,0.005941414619036245,0.003539480620972646,0.003110446380622911,0.006649927001595557,159.0,303.0
P2P_B036,0.1,0.00452505424618721,-0.011143645481017914,0.002676071701840768,0.015668699727205124,0.001848982544346442,0.013819717182858682,240.0,363.0
P2P_B036,0.1,0.0003662460367195308,0.005244968553503315,0.006837889487961074,0.0048787225167837844,0.006471643451241543,0.0015929209344577588,57.0,222.0
P2P_B036,0.1,0.0019489254336804152,0.00014140243417083698,0.0061291460294217864,0.0018075229995095782,0.004180220595741371,0.0059877435952509495,127.0,292.0
P2P_B036,0.1,0.000295421079499647,-0.000678204533314325,0.005025477429313044,0.000973625612813972,0.004730056349813397,0.005703681962627369,49.0,289.0
P2P_B036,0.1,0.002072613686323166,0.02240244483789456,0.0103450266539045,0.020329831151571394,0.008272412967581334,-0.01205741818399006,131.0,37.0
P2P_B036,0.1,0.0023202411830425262,0.002777047239594946,0.0018865816574147737,0.00045680605655241957,0.00043365952562775256,-0.0008904655821801721,144.0,176.0
P2P_B036,0.1,0.005158580839633942,0.003608866819704709,0.001828667948454113,0.0015497140199292325,0.0033299128911798287,-0.0017801988712505962,257.0,156.0
P2P_B036,0.3,0.0013188502052798867,0.018104216517723593,0.01060166742170894,0.016785366312443706,0.009282817216429054,-0.007502549096014652,54.0,90.0
P2P_B036,0.3,0.005503904540091753,-0.004256362895157434,0.012808283565588843,0.009760267435249187,0.00730437902549709,0.017064646460746277,150.0,361.0
P2P_B036,0.3,0.002393121365457773,-0.002916582785836397,0.0017215581818654235,0.00530970415129417,0.0006715631835923497,0.00463814096770182,84.0,264.0
P2P_B036,0.3,0.010050886310636997,0.028940886915143328,0.011961207528920076,0.01889000060450633,0.0019103212182830787,-0.016979679386223252,232.0,10.0
P2P_B036,0.3,0.005234034266322851,-0.005289155060741041,-0.0021839562021499226,0.010523189327063892,0.007417990468472774,0.0031051988585911183,144.0,247.0
P2P_B036,0.3,0.0057275015860795975,0.017901740062198745,0.007725075580707896,0.012174238476119148,0.001997573994628299,-0.010176664481490849,156.0,54.0
P2P_B036,0.3,0.0009569717803969979,0.009699940030373909,0.0074844093418899235,0.008742968249976911,0.006527437561492926,-0.0022155306884839854,46.0,173.0
P2P_B036,0.3,0.0015321739483624697,0.01872237926840084,0.008110164842337432,0.01719020532003837,0.006577990893974962,-0.010612214426063409,63.0,50.0
P2P_B036,0.5,0.010241485200822353,0.026486439309196967,0.03042660885549269,0.016244954108374614,0.020185123654670338,0.003940169546295724,81.0,258.0
P2P_B036,0.5,0.051308657974004745,0.026173284440737674,0.059487034918507035,0.025135373533267072,0.00817837694450229,0.03331375047776936,319.0,353.0
P2P_B036,0.5,0.02362433262169361,0.038996257686255725,0.04014020388205919,0.015371925064562114,0.016515871260365578,0.0011439461958034636,189.0,238.0
P2P_B036,0.5,0.00013939420750830323,0.02433369262230766,0.009125977476340343,0.024194298414799358,0.00898658326883204,-0.015207715145967318,13.0,90.0
P2P_B036,0.5,0.014743071049451828,0.032554241447227496,0.016109288722820254,0.017811170397775668,0.0013662176733684264,-0.01644495272440724,118.0,72.0
P2P_B036,0.5,0.023150060325860977,0.04019210148336634,0.020778537352507245,0.017042041157505364,0.002371522973353732,-0.019413564130859096,183.0,50.0
P2P_B036,0.5,0.03171675652265549,0.06486785694022223,0.06636083802010768,0.03315110041756675,0.0346440814974522,0.0014929810798854498,233.0,242.0
P2P_B036,0.5,0.020467020571231842,0.020667155351260784,0.013698858664636056,0.00020013478002894186,0.006768161906595786,-0.006968296686624728,162.0,172.0
P2P_B036,0.7,0.011157444678246975,0.07382320980487571,0.03002503787962396,0.06266576512662873,0.018867593201376986,-0.04379817192525175,32.0,66.0
P2P_B036,0.7,0.025206413120031357,0.06379098195747056,0.049426475351502366,0.0385845688374392,0.02422006223147101,-0.014364506605968191,53.0,172.0
P2P_B036,0.7,0.00800703652203083,0.06193549845648849,0.003940522735264698,0.05392846193445766,0.004066513786766132,-0.05799497572122379,26.0,23.0
P2P_B036,0.7,0.034004095941782,0.06803824641640635,0.05032820172179366,0.03403415047462435,0.016324105780011665,-0.017710044694612688,76.0,154.0
P2P_B036,0.7,0.021074051037430763,0.07209928524610924,0.01884458991688509,0.05102523420867848,0.0022294611205456727,-0.05325469532922415,44.0,35.0
P2P_B036,0.7,0.044542744755744934,0.0715771708655334,0.05836107984741431,0.02703442610978847,0.013818335091669375,-0.013216091018119096,123.0,175.0
P2P_B036,0.7,0.02821119874715805,0.0891084220026068,0.02604392370427868,0.060897223255448746,0.00216727504287937,-0.06306449829832811,61.0,11.0
P2P_B036,0.7,0.11970973014831543,0.06809251384052416,0.13330265912873698,0.05161721630779127,0.013592928980421554,0.06521014528821283,316.0,354.0
P2P_B036,0.9,0.23301684856414795,0.2195644099518594,0.2851448973620635,0.013452438612288536,0.05212804879791555,0.06558048741020409,234.0,302.0
P2P_B036,0.9,0.28582167625427246,0.20179831041518478,0.2864891096992918,0.08402336583908768,0.0006674334450193498,0.08469079928410703,296.0,328.0
P2P_B036,0.9,0.34410905838012695,0.20668482161208224,0.36398138189423007,0.13742423676804472,0.01987232351410312,0.15729656028214783,346.0,378.0
P2P_B036,0.9,0.2284649759531021,0.19727553441157245,0.25151077527986354,0.031189441541529667,0.02304579932676143,0.054235240868291096,220.0,280.0
P2P_B036,0.9,0.1956525593996048,0.21581761255377122,0.2074388112508043,0.020165053154166418,0.011786251851199497,-0.00837880130296692,175.0,172.0
P2P_B036,0.9,0.16919469833374023,0.21341051416371207,0.23964352471378847,0.04421581582997183,0.07044882638004824,0.026233010550076402,130.0,231.0
P2P_B036,0.9,0.29810988903045654,0.2120252121412005,0.334039907697321,0.08608467688925606,0.03593001866686446,0.12201469555612052,312.0,362.0
P2P_B036,0.9,0.12991315126419067,0.21494614785949512,0.14656539652894837,0.08503299659530444,0.016652245264757698,-0.06838075133054675,76.0,77.0
P2P_B037,0.1,0.006379865109920502,0.004600815831148464,0.00675488598558481,0.001779049278772038,0.00037502087566430864,0.0021540701544363466,293.0,236.0
P2P_B037,0.1,0.0032601754646748304,-0.0024816124444828475,0.006358120846705832,0.005741787909157678,0.003097945382031002,0.00883973329118868,184.0,325.0
P2P_B037,0.1,0.0032494296319782734,0.005886220334136681,0.004888598066528561,0.0026367907021584078,0.001639168434550288,-0.0009976222676081198,183.0,174.0
P2P_B037,0.1,0.001783502520993352,-0.003996696697581792,0.005087761337328377,0.005780199218575144,0.0033042588163350248,0.009084458034910169,122.0,329.0
P2P_B037,0.1,0.004058527294546366,0.01703293305366057,0.008499601826730534,0.012974405759114203,0.004441074532184168,-0.008533331226930035,217.0,66.0
P2P_B037,0.1,0.0013476319145411253,0.008989833641686644,0.008799381347051861,0.007642201727145519,0.007451749432510736,-0.00019045229463478253,97.0,188.0
P2P_B037,0.1,0.014234461821615696,0.019664869390424937,0.007231991510741893,0.005430407568809241,0.007002470310873803,-0.012432877879683044,372.0,33.0
P2P_B037,0.1,0.01541220210492611,0.018080485117844,0.009937570329659369,0.0026682830129178894,0.00547463177526674,-0.00814291478818463,379.0,71.0
P2P_B037,0.3,0.0017404318787157536,0.01161650204264366,0.003300387566838578,0.009876070163927907,0.0015599556881228244,-0.008316114475805082,68.0,73.0
P2P_B037,0.3,0.011131717823445797,0.021555055723068872,0.010021811618115238,0.010423337899623075,0.001109906205330559,-0.011533244104953634,252.0,41.0
P2P_B037,0.3,0.012761029414832592,0.005602955257978839,0.014846645852068449,0.007158074156853753,0.002085616437235857,0.00924369059408961,271.0,330.0
P2P_B037,0.3,0.004939310252666473,0.013869951244574533,0.006776167219341031,0.00893064099190806,0.0018368569666745577,-0.007093784025233502,137.0,97.0
P2P_B037,0.3,0.009637391194701195,0.009947018407437051,0.010663062933085082,0.00030962721273585653,0.0010256717383838876,0.0007160445256480311,226.0,211.0
P2P_B037,0.3,0.02407497726380825,0.015764926753730313,0.018652493142427208,0.008310050510077938,0.005422484121381042,0.0028875663886968952,353.0,245.0
P2P_B037,0.3,0.005784373730421066,0.002335409022834939,0.0011004320611380236,0.0034489647075861274,0.004683941669283043,-0.0012349769616969153,159.0,193.0
P2P_B037,0.3,0.015497233718633652,0.015254004956938481,0.01095691956342807,0.00024322876169517033,0.004540314155205581,-0.004297085393510411,300.0,139.0
P2P_B037,0.5,0.0436694473028183,0.026121634326161346,0.03838749786922818,0.017547812976656953,0.005281949433590116,0.012265863543066836,290.0,294.0
P2P_B037,0.5,0.028922390192747116,0.03175788634283429,0.044749185779434306,0.0028354961500871717,0.01582679558668719,0.012991299436600018,212.0,300.0
P2P_B037,0.5,0.020265396684408188,0.030187879394244145,0.023088171778768943,0.009922482709835957,0.002822775094360755,-0.007099707615475202,158.0,170.0
P2P_B037,0.5,0.020249446853995323,0.042289704685513824,0.012105924461592463,0.0220402578315185,0.00814352239240286,-0.03018378022392136,157.0,3.0
P2P_B037,0.5,0.037727512419223785,0.022061945282372805,0.02025720840939034,0.01566556713685098,0.017470304009833446,-0.0018047368729824653,264.0,213.0
P2P_B037,0.5,0.12070751190185547,0.041133811180380814,0.09388882835063123,0.07957370072147466,0.026818683551224243,0.05275501717025041,383.0,379.0
P2P_B037,0.5,0.05670958757400513,0.03552158931668235,0.05259309198432238,0.021187998257322774,0.004116495589682745,0.01707150266764003,331.0,316.0
P2P_B037,0.5,0.010678957216441631,0.015411626591011897,-0.0017511921564144078,0.0047326693745702655,0.01243014937285604,-0.017162818747426305,85.0,64.0
P2P_B037,0.7,0.12650977075099945,0.08454238298306709,0.1136125949309354,0.041967387767932365,0.012897175820064055,0.02907021194786831,327.0,292.0
P2P_B037,0.7,0.11433333158493042,0.07591587417032254,0.10120025588242205,0.03841745741460788,0.013133075702508365,0.025284381712099513,302.0,281.0
P2P_B037,0.7,0.0331735722720623,0.08486312850560601,0.025253595763543225,0.05168955623354371,0.007919976508519076,-0.059609532742062786,73.0,17.0
P2P_B037,0.7,0.08462187647819519,0.06252566305460126,0.05492601971036633,0.022096213423593927,0.029695856767828863,-0.007599643344234935,240.0,189.0
P2P_B037,0.7,0.06857285648584366,0.09059343550535243,0.036033743832497994,0.022020579019508768,0.032539112653345664,-0.05455969167285443,199.0,33.0
P2P_B037,0.7,0.17944791913032532,0.0936961219254507,0.14147946617385265,0.08575179720487462,0.037968452956472665,0.04778334424840196,366.0,330.0
P2P_B037,0.7,0.06909773498773575,0.08526712349324822,0.0624991788349052,0.016169388505512472,0.006598556152830545,-0.022767944658343017,204.0,132.0
P2P_B037,0.7,0.12265759706497192,0.07321275386264355,0.11412976936581981,0.04944484320232838,0.008527827699152113,0.040917015503176266,322.0,319.0
P2P_B037,0.9,0.2455824315547943,0.21024361206363495,0.19348643641098162,0.03533881949115936,0.05209599514381269,-0.016757175652653333,249.0,153.0
P2P_B037,0.9,0.06639402359724045,0.19856917339482433,0.028869553466651925,0.13217514979758388,0.03752447013058852,-0.1696996199281724,23.0,15.0
P2P_B037,0.9,0.3708946704864502,0.21759772859197324,0.29398392884228036,0.15329694189447696,0.07691074164416983,0.07638620025030712,358.0,318.0
P2P_B037,0.9,0.29169562458992004,0.19856917339482433,0.18715036957507958,0.09312645119509572,0.10454525501484047,-0.01141880381974475,304.0,163.0
P2P_B037,0.9,0.22406671941280365,0.19856917339482433,0.18934643242494242,0.025497546017979322,0.034720286987861226,-0.009222740969881904,214.0,168.0
P2P_B037,0.9,0.25620418787002563,0.21115617578935508,0.1569800196535553,0.04504801208067055,0.09922416821647034,-0.05417615613579979,261.0,97.0
P2P_B037,0.9,0.22899320721626282,0.20904946841802452,0.18203478747712162,0.019943738798238297,0.046958419739141194,-0.027014680940902897,222.0,133.0
P2P_B037,0.9,0.0676397830247879,0.2153483932200716,0.065608903718632,0.1477086101952837,0.0020308793061559055,-0.14973948950143962,24.0,23.0
P2P_B038,0.1,0.00024402933195233345,0.005150383209749081,0.006675025400090628,0.004906353877796747,0.006430996068138295,0.0015246421903415477,42.0,218.0
P2P_B038,0.1,0.0007087667472660542,-0.011032617390152225,-0.0007544496486238533,0.011741384137418279,0.0014632163958899075,0.010278167741528371,68.0,340.0
P2P_B038,0.1,0.002256400417536497,0.011520605673721679,0.010315467161209978,0.009264205256185182,0.00805906674367348,-0.0012051385125117012,140.0,171.0
P2P_B038,0.1,0.002556317485868931,0.001219396916801077,0.004603177599828465,0.0013369205690678537,0.002046860113959534,0.0033837806830273875,151.0,256.0
P2P_B038,0.1,0.0041255103424191475,0.013990634456898882,0.0002699455660553768,0.009865124114479734,0.0038555647763637707,-0.013720688890843505,220.0,25.0
P2P_B038,0.1,6.0911646869499236e-05,0.004655580560569736,0.00749828204459823,0.004594668913700237,0.007437370397728731,0.002842701484028494,18.0,245.0
P2P_B038,0.1,0.0001138424631790258,0.015889909384745583,0.011008268143854673,0.015776066921566557,0.010894425680675647,-0.0048816412408909104,29.0,100.0
P2P_B038,0.1,0.005213337950408459,0.005905081113516848,0.01048812043891404,0.0006917431631083895,0.005274782488505582,0.004583039325397192,261.0,273.0
P2P_B038,0.3,0.002287019742652774,0.006079025920044043,-0.0019176997124963902,0.003792006177391269,0.004204719455149164,-0.007996725632540433,78.0,80.0
P2P_B038,0.3,0.01659158244729042,0.01112944414315492,0.01992653008150367,0.0054621383041355,0.003334947634213249,0.008797085938348749,308.0,325.0
P2P_B038,0.3,0.016205545514822006,0.018442415180894643,0.017493063617380566,0.002236869666072637,0.0012875181025585603,-0.0009493515635140767,307.0,199.0
P2P_B038,0.3,0.00243926327675581,0.013387022233257752,-0.0014521124321539292,0.010947758956501942,0.003891375708909739,-0.014839134665411681,85.0,17.0
P2P_B038,0.3,0.00015194996376521885,0.002630372148324775,0.005425888716716322,0.002478422184559556,0.005273938752951103,0.002795516568391547,27.0,243.0
P2P_B038,0.3,0.0023087430745363235,0.005255573107113283,0.0026919067728724266,0.0029468300325769595,0.0003831636983361031,-0.0025636663342408564,80.0,169.0
P2P_B038,0.3,0.013374066911637783,0.012324155694025923,0.011691486568663763,0.0010499112176118597,0.0016825803429740202,-0.0006326691253621605,277.0,201.0
P2P_B038,0.3,0.015126248821616173,0.016163904119121955,0.014658820390345224,0.0010376552975057823,0.0004674284312709484,-0.0015050837287767307,295.0,186.0
P2P_B038,0.5,0.019346531480550766,0.02055661273490169,0.029925146633723226,0.001210081254350924,0.01057861515317246,0.009368533898821536,152.0,277.0
P2P_B038,0.5,0.0014054991770535707,0.04144344194355927,0.01705554211484614,0.0400379427665057,0.01565004293779257,-0.02438789982871313,28.0,22.0
P2P_B038,0.5,0.0015734140761196613,0.02082214328075438,0.01257684907995333,0.019248729204634718,0.011003435003833668,-0.00824529420080105,30.0,158.0
P2P_B038,0.5,0.048151228576898575,0.04151934731002098,0.0899999197830566,0.006631881266877596,0.04184869120615803,0.048480572473035624,308.0,375.0
P2P_B038,0.5,0.0298048984259367,0.04103153128271676,0.0415639144995918,0.011226632856780064,0.0117590160736551,0.0005323832168750361,220.0,230.0
P2P_B038,0.5,0.035912223160266876,0.024103976950069023,0.024963217299833577,0.011808246210197854,0.010949005860433299,0.0008592403497645548,256.0,235.0
P2P_B038,0.5,0.010151872411370277,0.036018706434580355,0.039271624665474195,0.025866834023210078,0.029119752254103917,0.0032529182308938392,80.0,254.0
P2P_B038,0.5,0.031790368258953094,0.013417244934468331,0.060929208672364496,0.018373123324484764,0.0291388404134114,0.047511963737896165,234.0,374.0
P2P_B038,0.7,0.07910465449094772,0.08896317970603612,0.07456993389651514,0.009858525215088398,0.004534720594432579,-0.014393245809520977,227.0,170.0
P2P_B038,0.7,0.029120005667209625,0.06245119881535361,0.020521028862646395,0.033331193148143985,0.00859897680456323,-0.041930169952707215,64.0,71.0
P2P_B038,0.7,0.07747246325016022,0.07215177763567103,0.12704770614336186,0.005320685614489187,0.04957524289320164,0.05489592850769083,224.0,336.0
P2P_B038,0.7,0.08137036114931107,0.07600349118335288,0.10762345732209426,0.005366869965958185,0.026253096172783194,0.03161996613874138,236.0,297.0
P2P_B038,0.7,0.0207831934094429,0.08960090238670829,0.018744778795792533,0.06881770897726538,0.002038414613650369,-0.07085612359091575,42.0,2.0
P2P_B038,0.7,0.019476687535643578,0.06475988430544356,0.029669215123605194,0.045283196769799985,0.010192527587961617,-0.03509066918183837,39.0,89.0
P2P_B038,0.7,0.14061596989631653,0.08967201072641554,0.1733158322890771,0.05094395916990099,0.03269986239276057,0.08364382156266156,340.0,366.0
P2P_B038,0.7,0.06154421344399452,0.09776303596790281,0.07152301592797741,0.03621882252390829,0.00997880248398289,-0.0262400200399254,180.0,119.0
P2P_B038,0.9,0.29555630683898926,0.2297253700009567,0.3353327728864327,0.06583093683803257,0.03977646604744345,0.10560740288547601,309.0,347.0
P2P_B038,0.9,0.06073940172791481,0.21334489732135833,0.11531219954002275,0.15260549559344352,0.05457279781210794,-0.09803269778133558,21.0,48.0
P2P_B038,0.9,0.21688809990882874,0.20472134455923083,0.23476446888398572,0.012166755349597907,0.017876368975156987,0.030043124324754894,207.0,239.0
P2P_B038,0.9,0.3163769841194153,0.20962154257405471,0.30489341212354043,0.10675544154536057,0.011483571995874853,0.09527186954948572,330.0,338.0
P2P_B038,0.9,0.2618984878063202,0.21700099779904433,0.2933378277071091,0.04489749000727586,0.0314393399007889,0.07633682990806476,268.0,317.0
P2P_B038,0.9,0.23217105865478516,0.2168398946823783,0.271023870568303,0.015331163972406858,0.03885281191351786,0.05418397588592472,230.0,279.0
P2P_B038,0.9,0.2105283886194229,0.20282648760150562,0.21678835346558253,0.00770190101791729,0.006259964846159621,0.013961865864076911,198.0,215.0
P2P_B038,0.9,0.18272525072097778,0.23107950543383854,0.197325704161901,0.048354254712860756,0.014600453440923228,-0.03375380127193753,156.0,119.0
P2P_B039,0.1,0.005440778099000454,0.0257848765198331,0.011074479418215787,0.020344098420832644,0.005633701319215333,-0.014710397101617312,271.0,20.0
P2P_B039,0.1,0.002589239738881588,-0.01203237099886581,0.0006292799873703625,0.014621610737747398,0.0019599597515112255,0.012661650986236173,153.0,353.0
P2P_B039,0.1,0.006020717788487673,0.020670166260161806,0.010540021291197986,0.014649448471674133,0.004519303502710313,-0.01013014496896382,289.0,53.0
P2P_B039,0.1,0.0016072157304733992,0.0033658298052837154,0.0048035796890083735,0.0017586140748103163,0.0031963639585349743,0.001437749883724658,113.0,216.0
P2P_B039,0.1,0.009340411983430386,0.004542554883236641,0.006782985923312994,0.004797857100193745,0.0025574260601173918,0.002240431040076353,341.0,240.0
P2P_B039,0.1,0.0069851865991950035,0.0017862959612698348,0.0032022617373807516,0.005198890637925169,0.003782924861814252,0.0014159657761109168,306.0,215.0
P2P_B039,0.1,0.00319229019805789,-0.01061500092983464,-0.0003494576455553844,0.01380729112789253,0.0035417478436132743,0.010265543284279255,178.0,339.0
P2P_B039,0.1,0.013839012011885643,0.02420835417553293,0.012079105940206766,0.010369342163647287,0.0017599060716788767,-0.012129248235326164,369.0,35.0
P2P_B039,0.3,0.00503569096326828,0.021767782967661173,0.008832011429444182,0.016732092004392893,0.0037963204661759023,-0.01293577153821699,140.0,31.0
P2P_B039,0.3,0.008670804090797901,0.0005095004293652061,-0.00010420686888484854,0.008161303661432695,0.00877501095968275,-0.0006137072982500547,204.0,202.0
P2P_B039,0.3,0.004650499206036329,0.005204979136056456,0.0031790732640132463,0.000554479930020127,0.001471425942023083,-0.00202590587204321,129.0,174.0
P2P_B039,0.3,0.008283950388431549,0.019472958553815894,0.0074599668832196694,0.011189008165384345,0.0008239835052118796,-0.012012991670596225,198.0,38.0
P2P_B039,0.3,0.0015738290967419744,0.022046030282847608,0.008790459525298007,0.020472201186105633,0.007216630428556033,-0.0132555707575496,64.0,28.0
P2P_B039,0.3,0.0053303116001188755,0.004342475162826778,0.007212474781110999,0.0009878364372920972,0.0018821631809921233,0.0028699996182842205,146.0,244.0
P2P_B039,0.3,0.008005775511264801,0.012179521218005834,0.00703056498960046,0.004173745706741033,0.0009752105216643409,-0.005148956228405374,193.0,123.0
P2P_B039,0.3,0.016189031302928925,0.01720808273253273,0.013895042831951115,0.001019051429603804,0.002293988470977809,-0.003313039900581613,306.0,156.0
P2P_B039,0.5,0.014788858592510223,0.03144337512597127,0.01895330951512416,0.016654516533461047,0.004164450922613937,-0.01249006561084711,119.0,118.0
P2P_B039,0.5,0.025023939087986946,0.03239815627387041,0.02000898317276218,0.007374217185883464,0.0050149559152247655,-0.01238917310110823,194.0,120.0
P2P_B039,0.5,0.007280339021235704,0.026089067447404843,0.009673511474468037,0.01880872842616914,0.0023931724532323326,-0.016415555972936806,61.0,73.0
P2P_B039,0.5,0.021087966859340668,0.015128020056233843,0.016431656568827627,0.005959946803106825,0.004656310290513041,0.0013036365125937838,168.0,239.0
P2P_B039,0.5,0.006646658293902874,0.0266905228335721,0.0030124853397916346,0.020043864539669227,0.0036341729541112394,-0.023678037493780467,55.0,24.0
P2P_B039,0.5,0.04206276684999466,0.04046119233613102,0.034097940585434,0.0016015745138636406,0.00796482626456066,-0.006363251750697019,285.0,175.0
P2P_B039,0.5,0.04579482972621918,0.03128676789011685,0.05334284117492813,0.014508061836102329,0.007548011448708952,0.02205607328481128,301.0,335.0
P2P_B039,0.5,0.014344528317451477,0.039841989109434,0.020927865436269788,0.02549746079198252,0.006583337118818311,-0.01891412367316421,111.0,54.0
P2P_B039,0.7,0.05460798367857933,0.07293065173859299,0.04998708001363733,0.01832266806001366,0.004620903664942,-0.02294357172495566,153.0,130.0
P2P_B039,0.7,0.05646302178502083,0.06792969495222617,0.06609449488393083,0.011466673167205343,0.009631473098910007,-0.0018352000682953368,162.0,208.0
P2P_B039,0.7,0.038977768272161484,0.06625607035975974,0.024778640011636273,0.027278302087598252,0.014199128260525211,-0.04147743034812346,95.0,73.0
P2P_B039,0.7,0.06954453885555267,0.07348728850016163,0.0761078626437567,0.003942749644608959,0.006563323788204026,0.002620574143595067,207.0,226.0
P2P_B039,0.7,0.0632287859916687,0.06487048375276293,0.061166562995812024,0.0016416977610942268,0.0020622229958566773,-0.003703920756950904,189.0,203.0
P2P_B039,0.7,0.03144991770386696,0.06729243005814109,0.023673789813722507,0.03584251235427413,0.007776127890144452,-0.04361864024441858,69.0,68.0
P2P_B039,0.7,0.10762681812047958,0.06487048375276293,0.10790567441184247,0.042756334367716656,0.00027885629136288614,0.04303519065907954,292.0,323.0
P2P_B039,0.7,0.05592382326722145,0.08734363993094865,0.06964015161177883,0.0314198166637272,0.013716328344557382,-0.01770348831916982,158.0,155.0
P2P_B039,0.9,0.2581115961074829,0.22111619081785178,0.2362012006175339,0.036995405289631134,0.021910395489948997,0.015085009799682136,265.0,220.0
P2P_B039,0.9,0.3140786290168762,0.22341825562281195,0.33096397476666284,0.09066037339406427,0.016885345749786618,0.10754571914385089,327.0,348.0
P2P_B039,0.9,0.14126062393188477,0.2188690393080827,0.14505240705642333,0.07760841537619795,0.003791783124538567,-0.07381663225165938,88.0,71.0
P2P_B039,0.9,0.3313325345516205,0.2249819744021482,0.27889655279518544,0.10635056014947228,0.052435981756435046,0.05391457839303723,340.0,278.0
P2P_B039,0.9,0.21826684474945068,0.23128167301710215,0.2101969486002042,0.013014828267651463,0.008069896149246497,-0.02108472441689796,210.0,144.0
P2P_B039,0.9,0.25680139660835266,0.22550700777658417,0.2770533692514268,0.031294388831768494,0.020251972643074156,0.05154636147484265,262.0,273.0
P2P_B039,0.9,0.22479914128780365,0.22484314096104152,0.23330866024535518,4.399967323787113e-05,0.008509518957551532,0.00846551928431366,215.0,205.0
P2P_B039,0.9,0.21646982431411743,0.2194968326693521,0.22651273177747644,0.0030270083552346727,0.010042907463359008,0.007015899108124335,205.0,201.0
P2P_B040,0.1,0.003006957471370697,-0.006653421107262872,0.002154591855786911,0.009660378578633569,0.0008523656155837861,0.008808012963049783,168.0,323.0
P2P_B040,0.1,0.004837405867874622,0.005319087352856328,0.007332963891177137,0.00048168148498170527,0.0024955580233025146,0.0020138765383208093,251.0,234.0
P2P_B040,0.1,0.0015689784195274115,-0.0033590259947777618,0.00204300381739643,0.004928004414305173,0.00047402539786901843,0.005402029812174192,111.0,286.0
P2P_B040,0.1,0.004364986903965473,-0.0016171330881529222,-0.004344564509044163,0.005982119992118395,0.008709551413009636,-0.002727431420891241,232.0,136.0
P2P_B040,0.1,0.005515923257917166,0.007324230834180247,-0.0009174363573649924,0.001808307576263081,0.006433359615282158,-0.00824166719154524,272.0,69.0
P2P_B040,0.1,0.0019730895292013884,-0.005769000882733175,0.004084513910956988,0.007742090411934563,0.0021114243817556,0.009853514793690163,128.0,336.0
P2P_B040,0.1,0.005615602247416973,0.0029104111302761942,0.00148115073646371,0.002705191117140779,0.004134451510953263,-0.0014292603938124843,274.0,166.0
P2P_B040,0.1,0.005570143461227417,0.020356657222166605,0.006984006777197564,0.014786513760939188,0.0014138633159701472,-0.01337265044496904,273.0,29.0
P2P_B040,0.3,0.009600870311260223,0.022858699832744883,0.012523614144750006,0.01325782952148466,0.0029227438334897826,-0.010335085687994877,224.0,53.0
P2P_B040,0.3,0.01985047198832035,0.015453657519783372,0.013438612518807923,0.004396814468536979,0.006411859469512428,-0.002015045000975449,334.0,176.0
P2P_B040,0.3,0.02816685475409031,0.016463629406975107,0.01808609050393563,0.011703225347115202,0.01008076425015468,0.0016224610969605216,365.0,225.0
P2P_B040,0.3,0.0041183712892234325,0.015893635640638025,0.007324098355984701,0.011775264351414592,0.0032057270667612686,-0.008569537284653324,114.0,70.0
P2P_B040,0.3,0.051779866218566895,0.023079793377537905,0.045151759084680006,0.02870007284102899,0.006628107133886889,0.0220719657071421,383.0,374.0
P2P_B040,0.3,0.019771788269281387,-0.001624902234515238,0.008265268346300432,0.021396690503796625,0.011506519922980955,0.00989017058081567,332.0,335.0
P2P_B040,0.3,0.024439837783575058,0.0004203706728152651,0.008269965661611221,0.024019467110759793,0.016169872121963837,0.007849594988795956,354.0,315.0
P2P_B040,0.3,0.024949461221694946,0.008201810832586448,0.01623066161561399,0.016747650389108498,0.008718799606080956,0.008028850783027543,357.0,318.0
P2P_B040,0.5,0.003067546524107456,0.029109047396125992,0.008253478034262372,0.026041500872018536,0.005185931510154916,-0.02085556936186362,37.0,41.0
P2P_B040,0.5,0.006916466169059277,0.018462192651026832,0.008913910259526203,0.011545726481967555,0.0019974440904669266,-0.009548282391500629,58.0,143.0
P2P_B040,0.5,0.029226286336779594,0.023442786187738977,0.021241753382620812,0.005783500149040617,0.007984532954158782,-0.002201032805118165,215.0,211.0
P2P_B040,0.5,0.028882186859846115,0.029180859551596973,0.01831335194850682,0.0002986726917508578,0.010568834911339295,-0.010867507603090153,211.0,132.0
P2P_B040,0.5,0.09251957386732101,0.04385112409952331,0.08171194800865603,0.0486684497677977,0.010807625858664988,0.037860823909132715,376.0,357.0
P2P_B040,0.5,0.06769590824842453,0.010072591387072977,0.04853917138043086,0.05762331686135155,0.01915673686799367,0.03846657999335788,354.0,358.0
P2P_B040,0.5,0.09740394353866577,0.027645037354861637,0.08311752490290303,0.06975890618380413,0.014286418635762743,0.05547248754804139,378.0,381.0
P2P_B040,0.5,0.10991829633712769,0.030799978400081758,0.0756711861271179,0.07911831793704593,0.034247110210009785,0.04487120772703614,382.0,370.0
P2P_B040,0.7,0.029381463304162025,0.08181539084884587,0.025034406303359402,0.052433927544683845,0.004347057000802623,-0.05678098454548647,66.0,25.0
P2P_B040,0.7,0.021081378683447838,0.09006503580229437,0.018802148543186105,0.06898365711884653,0.002279230140261733,-0.07126288725910826,45.0,1.0
P2P_B040,0.7,0.12147737294435501,0.09387862374493491,0.09208790904390707,0.027598749199420097,0.029389463900447943,-0.0017907147010278457,319.0,209.0
P2P_B040,0.7,0.2331562042236328,0.068288192924369,0.18196841532435265,0.16486801129926382,0.05118778889928016,0.11368022239998365,380.0,381.0
P2P_B040,0.7,0.13474932312965393,0.0731562998787992,0.13760338309653922,0.061593023250854737,0.002854059966885286,0.06444708321774002,332.0,352.0
P2P_B040,0.7,0.04653376340866089,0.08493199534293533,0.04128420789497135,0.03839823193427444,0.005249555513689538,-0.04364778744796398,130.0,67.0
P2P_B040,0.7,0.15957129001617432,0.08721398053617285,0.14418104525879266,0.07235730948000146,0.015390244757381655,0.05696706472261981,357.0,341.0
P2P_B040,0.7,0.11301380395889282,0.06789970386136308,0.09296404560264991,0.04511410009752974,0.02004975835624291,0.025064341741286827,300.0,279.0
P2P_B040,0.9,0.18924038112163544,0.21466759174030836,0.15073678028155568,0.025427210618672924,0.038503600840079755,-0.06393081145875268,164.0,81.0
P2P_B040,0.9,0.2529419958591461,0.22157626221541288,0.23342500245890724,0.03136573364373324,0.01951699340023888,0.01184874024349436,257.0,213.0
P2P_B040,0.9,0.2540372312068939,0.2274208955115467,0.22488314798842013,0.026616335695347215,0.029154083218473792,-0.0025377475231265767,258.0,182.0
P2P_B040,0.9,0.1740819215774536,0.20595027832910145,0.12162576157291083,0.03186835675164784,0.052456160004542784,-0.08432451675619063,134.0,58.0
P2P_B040,0.9,0.2405625879764557,0.20079574846004877,0.19202960439982142,0.039766839516406916,0.04853298357663427,-0.008766144060227354,243.0,170.0
P2P_B040,0.9,0.2350691556930542,0.21841428760547565,0.25134422923869826,0.016654868087578545,0.01627507354564406,0.032929941633222604,236.0,243.0
P2P_B040,0.9,0.14462105929851532,0.20816401338291718,0.1258471192133711,0.06354295408440186,0.018773940085144214,-0.08231689416954607,94.0,60.0
P2P_B040,0.9,0.2629202604293823,0.2091146502607375,0.24256767429458137,0.053805610168644824,0.020352586134800954,0.03345302403384387,269.0,245.0
P2P_B041,0.1,0.008797031827270985,0.00807841213754474,-0.005296670164044295,0.0007186196897262451,0.01409370199131528,-0.013375082301589035,333.0,28.0
P2P_B041,0.1,0.002854354679584503,0.010412565511242207,0.006584708223081465,0.007558210831657704,0.0037303535434969615,-0.0038278572881607423,160.0,115.0
P2P_B041,0.1,0.0021765390411019325,0.009199173139508549,0.009818585964193167,0.007022634098406616,0.007642046923091235,0.0006194128246846189,137.0,200.0
P2P_B041,0.1,0.003071284620091319,0.010994372684182345,0.007270746618812753,0.007923088064091026,0.0041994619987214335,-0.0037236260653695924,171.0,117.0
P2P_B041,0.1,0.002289868425577879,-0.008667358110774515,0.0004651759757801216,0.010957226536352394,0.0018246924497977574,0.009132534086554636,141.0,330.0
P2P_B041,0.1,0.0033510266803205013,-0.0071327593949700036,-0.0068797735108224595,0.010483786075290505,0.01023080019114296,0.0002529858841475441,192.0,190.0
P2P_B041,0.1,0.0013597209472209215,-0.014216065927743285,-0.0015451081875215156,0.015575786874964206,0.002904829134742437,0.01267095774022177,99.0,354.0
P2P_B041,0.1,0.0012407873291522264,0.0062794529530031395,0.0037373706935191625,0.005038665623850913,0.002496583364366936,-0.002542082259483977,91.0,140.0
P2P_B041,0.3,0.0014450645539909601,0.016035250051846493,0.00820078924056257,0.014590185497855533,0.00675572468657161,-0.007834460811283923,58.0,86.0
P2P_B041,0.3,0.008804204873740673,0.008121306646849992,0.00515525731110756,0.0006828982268906811,0.0036489475626331133,-0.0029660493357424322,208.0,162.0
P2P_B041,0.3,0.011543638072907925,0.026168212535459028,0.013472190761836783,0.014624574462551103,0.0019285526889288584,-0.012696021773622244,259.0,34.0
P2P_B041,0.3,0.010056463070213795,0.004247489796911183,0.012787798197309172,0.005808973273302612,0.0027313351270953773,0.008540308400397989,233.0,323.0
P2P_B041,0.3,0.026476114988327026,0.023220940146417852,0.02376815176733453,0.003255174841909174,0.002707963220992496,0.000547211620916678,360.0,210.0
P2P_B041,0.3,0.004624567460268736,0.004610683238753216,0.008703429499197474,1.3884221515519934e-05,0.004078862038928738,0.004092746260444258,127.0,258.0
P2P_B041,0.3,0.0037276584189385176,0.0035872874097702956,0.00445245286681855,0.00014037100916822198,0.0007247944478800325,0.0008651654570482545,108.0,213.0
P2P_B041,0.3,0.0033064992167055607,0.0006007260779940377,0.0024922718002312744,0.002705773138711523,0.0008142274164742863,0.0018915457222372367,100.0,228.0
P2P_B041,0.5,0.017379671335220337,0.011334977305707934,0.006040878869191885,0.006044694029512403,0.011338792466028452,-0.0052940984365160496,137.0,182.0
P2P_B041,0.5,0.012385314330458641,0.017966456285305916,0.012631391811087592,0.005581141954847275,0.00024607748062895063,-0.005335064474218325,95.0,181.0
P2P_B041,0.5,0.032929882407188416,0.04251520400645201,0.026772225557224548,0.009585321599263598,0.006157656849963868,-0.015742978449227465,240.0,76.0
P2P_B041,0.5,0.007939968258142471,0.04494132945416586,0.01757734534734369,0.03700136119602339,0.009637377089201218,-0.02736398410682217,69.0,10.0
P2P_B041,0.5,0.03403180092573166,0.03703122535988333,0.04049249736754913,0.0029994244341516735,0.006460696441817473,0.0034612720076658,246.0,256.0
P2P_B041,0.5,0.09360509365797043,0.03275149639047553,0.06772458396916413,0.0608535972674949,0.0258805096888063,0.0349730875786886,377.0,354.0
P2P_B041,0.5,0.01845715381205082,0.03261542296184071,0.018430148770857982,0.01415826914978989,2.700504119283742e-05,-0.014185274190982727,147.0,104.0
P2P_B041,0.5,0.02175300195813179,0.039765800898883624,0.018803446400597314,0.018012798940751834,0.0029495555575344765,-0.02096235449828631,175.0,40.0
P2P_B041,0.7,0.06899484992027283,0.07614121181156053,0.054335130733262675,0.0071463618912877,0.014659719187010152,-0.021806081078297852,201.0,135.0
P2P_B041,0.7,0.06946094334125519,0.08299948703587527,0.066582488308942,0.013538543694620084,0.002878455032313182,-0.016416998726933266,206.0,161.0
P2P_B041,0.7,0.04414038360118866,0.07457040900915668,0.025512254106522726,0.03043002540796802,0.018628129494665933,-0.04905815490263395,121.0,45.0
P2P_B041,0.7,0.03766274079680443,0.07498496223647684,0.03887414457735891,0.03732222143967241,0.001211403780554482,-0.03611081765911793,90.0,84.0
P2P_B041,0.7,0.08003087341785431,0.07510473478227413,0.07543834082530054,0.004926138635580182,0.004592532592553766,0.00033360604302641594,230.0,215.0
P2P_B041,0.7,0.025669541209936142,0.07562738189188072,0.028536528323124012,0.049957840681944574,0.00286698711318787,-0.0470908535687567,54.0,54.0
P2P_B041,0.7,0.013448445126414299,0.058370848000125874,0.008545776405913669,0.044922402873711575,0.00490266872050063,-0.049825071594212206,35.0,41.0
P2P_B041,0.7,0.09879017621278763,0.08697337607144254,0.07500878265765551,0.01181680014134509,0.02378139355513212,-0.011964593413787028,276.0,177.0
P2P_B041,0.9,0.28115686774253845,0.20370787275416857,0.24198807743010536,0.07744899498836988,0.03916879031243309,0.03828020467593679,288.0,252.0
P2P_B041,0.9,0.290628582239151,0.2156660902792725,0.24695920156620021,0.0749624919598785,0.043669380672950786,0.031293111286927716,300.0,240.0
P2P_B041,0.9,0.30443722009658813,0.22328189588208688,0.28696542416453874,0.08115532421450125,0.017471795932049394,0.06368352828245186,317.0,297.0
P2P_B041,0.9,0.22896212339401245,0.20070593004375717,0.20804729418790974,0.028256193350255282,0.020914829206102714,0.007341364144152568,221.0,203.0
P2P_B041,0.9,0.32284483313560486,0.22000749747333945,0.3111109662066016,0.10283733566226541,0.011733866929003245,0.09110346873326217,335.0,334.0
P2P_B041,0.9,0.3181091248989105,0.21453987175717124,0.28080598103238097,0.10356925314173929,0.03730314386652955,0.06626610927520973,331.0,304.0
P2P_B041,0.9,0.35018908977508545,0.21454913022402583,0.2778934832324077,0.13563995955105962,0.07229560654267775,0.06334435300838187,349.0,296.0
P2P_B041,0.9,0.12067761272192001,0.19635671149221476,0.07482258483611816,0.07567909877029474,0.045855027885801855,-0.1215341266560966,65.0,33.0
P2P_B042,0.1,0.004545215982943773,0.023166110056234777,0.012566173038927611,0.018620894073291004,0.008020957055983838,-0.010599937017307166,242.0,46.0
P2P_B042,0.1,0.0030505203176289797,-0.0026260615983701857,0.00023334586853610007,0.005676581915999165,0.0028171744490928796,0.0028594074669062858,169.0,247.0
P2P_B042,0.1,0.0033486983738839626,0.007227223279822989,0.004705530344289645,0.0038785249059390264,0.0013568319704056822,-0.0025216929355333442,191.0,141.0
P2P_B042,0.1,0.007975099608302116,0.008855980818292093,0.0050075739932993815,0.0008808812099899768,0.002967525615002735,-0.0038484068249927117,321.0,114.0
P2P_B042,0.1,0.0016720631392672658,0.004566645413762241,0.0055143396828268715,0.002894582274494975,0.0038422765435596057,0.0009476942690646306,116.0,207.0
P2P_B042,0.1,0.0036011971533298492,0.007126023473494621,0.004236456643703611,0.0035248263201647714,0.0006352594903737616,-0.00288956682979101,202.0,133.0
P2P_B042,0.1,0.0024192947894334793,0.00382220694639801,0.00631741812962941,0.0014029121569645309,0.0038981233401959303,0.0024952111832313995,147.0,243.0
P2P_B042,0.1,0.0011600584257394075,0.00601948296424349,0.007027214866391032,0.004859424538504083,0.005867156440651625,0.001007731902147542,89.0,210.0
P2P_B042,0.3,0.011321076191961765,0.007228577854045994,0.0028401256895745908,0.004092498337915772,0.008480950502387175,-0.004388452164471403,256.0,135.0
P2P_B042,0.3,0.011607473716139793,0.006516492987168575,0.00857034692483069,0.005090980728971219,0.0030371267913091027,0.002053853937662116,260.0,233.0
P2P_B042,0.3,0.01263614371418953,-0.002517228238647695,0.013338254431305985,0.015153371952837225,0.0007021107171164553,0.01585548266995368,269.0,359.0
P2P_B042,0.3,0.008698365651071072,0.015706325253309977,0.020377072249352424,0.007007959602238906,0.011678706598281352,0.004670746996042446,205.0,266.0
P2P_B042,0.3,0.007038131821900606,0.0188458638106992,0.016250299420560284,0.011807731988798593,0.009212167598659678,-0.002595564390138916,174.0,168.0
P2P_B042,0.3,0.017404742538928986,0.018060876126269734,0.016723504818873497,0.0006561335873407487,0.0006812377200554887,-0.0013373713073962373,312.0,190.0
P2P_B042,0.3,0.020677641034126282,0.011139806163159856,0.01726479123255746,0.009537834870966426,0.003412849801568821,0.006124985069397605,338.0,287.0
P2P_B042,0.3,0.014695552177727222,0.008162432404675485,0.010301870619650377,0.006533119773051738,0.004393681558076845,0.0021394382149748925,290.0,234.0
P2P_B042,0.5,0.0526745542883873,0.03455371552144601,0.0861207532494098,0.01812083876694129,0.03344619896102251,0.051567037727963796,323.0,377.0
P2P_B042,0.5,0.013117748312652111,0.028345210788524006,0.019685970352356516,0.015227462475871895,0.006568222039704405,-0.00865924043616749,101.0,154.0
P2P_B042,0.5,0.011322911828756332,0.03056115478545017,0.009022208222719721,0.019238242956693838,0.002300703606036611,-0.02153894656273045,89.0,37.0
P2P_B042,0.5,0.023508742451667786,0.03957439602367431,0.030255783406227997,0.016065653572006525,0.006747040954560211,-0.009318612617446313,187.0,145.0
P2P_B042,0.5,0.06197592616081238,0.046911882753919325,0.08575375057091154,0.015064043406893053,0.023777824410099166,0.03884186781699222,343.0,359.0
P2P_B042,0.5,0.010629779659211636,0.038698909971226055,0.009101715842199008,0.02806913031201442,0.0015280638170126273,-0.029597194129027046,83.0,5.0
P2P_B042,0.5,0.03633541613817215,0.043095213992287204,0.045327263148417354,0.006759797854115054,0.008991847010245205,0.0022320491561301503,257.0,248.0
P2P_B042,0.5,0.050135739147663116,0.04111531770017818,0.05324564681670086,0.009020421447484939,0.003109907669037744,0.012130329116522683,316.0,292.0
P2P_B042,0.7,0.09812469035387039,0.090736435513627,0.15555553360405006,0.007388254840243386,0.057430843250179664,0.06481909809042305,274.0,353.0
P2P_B042,0.7,0.13751345872879028,0.07601744395726136,0.11619529196526612,0.061496014771528926,0.02131816676352416,0.040177848008004766,336.0,316.0
P2P_B042,0.7,0.11831104755401611,0.08496463287544412,0.14012318102186444,0.033346414678571995,0.021812133467848327,0.05515854814642032,311.0,337.0
P2P_B042,0.7,0.16264626383781433,0.06699823157600361,0.21834015233193949,0.09564803226181072,0.055693888494125154,0.1513419207559359,360.0,384.0
P2P_B042,0.7,0.11362516134977341,0.08885363630536357,0.15457252245031733,0.02477152504440984,0.04094736110054392,0.06571888614495376,301.0,355.0
P2P_B042,0.7,0.1158856451511383,0.07658195304261046,0.12757477200990847,0.03930369210852784,0.01168912685877016,0.050992818967298,305.0,331.0
P2P_B042,0.7,0.05207766592502594,0.07665554340403614,0.05688668394094746,0.024577877479010204,0.004809018015921519,-0.019768859463088685,147.0,144.0
P2P_B042,0.7,0.08678501099348068,0.08370693812131343,0.09089537770705308,0.0030780728721672562,0.0041103667135724,0.007188439585739656,247.0,238.0
P2P_B042,0.9,0.2670663297176361,0.20758787442354926,0.28119481001860036,0.05947845529408685,0.014128480300964252,0.0736069355950511,278.0,313.0
P2P_B042,0.9,0.20426538586616516,0.21991154325647105,0.20229906400008074,0.015646157390305893,0.0019663218660844195,-0.017612479256390312,188.0,151.0
P2P_B042,0.9,0.3245844542980194,0.22033311821502122,0.36879382368409513,0.10425133608299819,0.044209369386075725,0.14846070546907392,338.0,373.0
P2P_B042,0.9,0.37655699253082275,0.21843780084421943,0.3988593776444004,0.15811919168660332,0.022302385113577627,0.18042157680018095,361.0,382.0
P2P_B042,0.9,0.28287506103515625,0.21345131426305525,0.30929583545133454,0.069423746772101,0.026420774416178294,0.0958445211882793,292.0,339.0
P2P_B042,0.9,0.2765701115131378,0.2254806539200609,0.3778686979417697,0.051089457593076926,0.10129858642863188,0.1523880440217088,286.0,376.0
P2P_B042,0.9,0.35619044303894043,0.2121002181717756,0.37688067079323684,0.14409022486716483,0.02069022775429641,0.16478045262146124,350.0,379.0
P2P_B042,0.9,0.2061166614294052,0.21918129091553656,0.18957430903416017,0.013064629486131352,0.01654235239524504,-0.029606981881376393,191.0,126.0
P2P_B043,0.1,2.26388710871106e-05,0.004194142516619759,0.0025233141929729558,0.004171503645532648,0.002500675321885845,-0.001670828323646803,13.0,159.0
P2P_B043,0.1,0.00040509807877242565,0.00565540759299598,0.0073382792779478345,0.005250309514223554,0.006933181199175409,0.0016828716849518546,58.0,224.0
P2P_B043,0.1,0.0061196149326860905,-0.002642409073075516,0.0020277265341263895,0.008762024005761607,0.004091888398559701,0.004670135607201906,291.0,275.0
P2P_B043,0.1,0.001750339288264513,0.014394000392268055,0.011652738024444276,0.012643661104003542,0.009902398736179763,-0.0027412623678237796,121.0,135.0
P2P_B043,0.1,0.0032933226320892572,-0.0005376350287647075,0.004032962816450991,0.0038309576608539647,0.000739640184361734,0.004570597845215699,185.0,272.0
P2P_B043,0.1,0.0025644837878644466,0.003578177828729337,0.005289184425057214,0.0010136940408648903,0.0027247006371927673,0.001711006596327877,152.0,226.0
P2P_B043,0.1,0.00023360445629805326,0.009572819590132106,0.005520629059496018,0.009339215133834053,0.005287024603197965,-0.004052190530636088,41.0,109.0
P2P_B043,0.1,0.0012641047360375524,0.0021665848725220954,0.006979145601975725,0.0009024801364845431,0.005715040865938173,0.00481256072945363,94.0,278.0
P2P_B043,0.3,0.0008652136893942952,0.0018692815547234204,0.0028610901561363505,0.0010040678653291252,0.0019958764667420553,0.0009918086014129301,44.0,214.0
P2P_B043,0.3,0.0002954436931759119,0.005014486274145302,0.0017340934407705094,0.00471904258096939,0.0014386497475945975,-0.003280392833374793,30.0,157.0
P2P_B043,0.3,6.713710899930447e-05,0.008771223232579131,0.007264332472017396,0.008704086123579827,0.007197195363018091,-0.0015068907605617354,22.0,185.0
P2P_B043,0.3,7.894462032709271e-05,-0.004383856684629317,0.00022024119073717208,0.00446280130495641,0.00014129657041007937,0.004604097875366489,23.0,262.0
P2P_B043,0.3,0.0004773658001795411,-0.002400210385590254,0.002712089695997205,0.002877576185769795,0.002234723895817664,0.005112300081587459,36.0,270.0
P2P_B043,0.3,0.009154514409601688,0.016913163350906035,0.005641265945728696,0.007758648941304347,0.003513248463872992,-0.011271897405177339,215.0,47.0
P2P_B043,0.3,0.007012251764535904,0.007703223555481108,0.012823310553659047,0.0006909717909452037,0.005811058789123143,0.005120086998177939,173.0,271.0
P2P_B043,0.3,0.005573704373091459,0.012094441156618355,0.01815571357348402,0.006520736783526895,0.012582009200392562,0.0060612724168656665,152.0,286.0
P2P_B043,0.5,0.04632827639579773,0.030033238125963896,0.044301012090065955,0.016295038269833834,0.002027264305731774,0.01426777396410206,303.0,306.0
P2P_B043,0.5,0.003516041673719883,0.023887619261082946,0.011771872449012816,0.020371577587363063,0.008255830775292933,-0.01211574681207013,43.0,124.0
P2P_B043,0.5,0.0030987367499619722,0.027219889221357804,0.012363047050116587,0.024121152471395832,0.009264310300154614,-0.014856842171241218,38.0,94.0
P2P_B043,0.5,0.023272952064871788,0.046330670066102475,0.03184545531880847,0.023057718001230687,0.00857250325393668,-0.014485214747294008,185.0,98.0
P2P_B043,0.5,0.005640298593789339,0.01128198409510918,0.014134397586247655,0.00564168550131984,0.008494098992458315,0.002852413491138475,54.0,252.0
P2P_B043,0.5,0.024691233411431313,0.024374248056624873,0.06335790182634128,0.00031698535480643997,0.03866666841490997,0.03898365376971641,191.0,360.0
P2P_B043,0.5,0.015238035470247269,0.023480563418511846,0.01629461193200559,0.008242527948264577,0.0010565764617583226,-0.007185951486506255,124.0,169.0
P2P_B043,0.5,0.026980889961123466,0.01501685705305289,0.056790029782162764,0.011964032908070577,0.029809139821039297,0.041773172729109874,205.0,365.0
P2P_B043,0.7,0.05594530329108238,0.08111972753276135,0.06675160364183394,0.02517442424167897,0.010806300350751558,-0.014368123890927412,159.0,171.0
P2P_B043,0.7,0.05360570549964905,0.07572892602548889,0.11476953471801196,0.022123220525839843,0.061163829218362914,0.03904060869252307,150.0,313.0
P2P_B043,0.7,0.0020182186271995306,0.07251571329148067,0.005839069680024067,0.07049749466428114,0.0038208510528245365,-0.0666766436114566,14.0,7.0
P2P_B043,0.7,0.028930827975273132,0.07352944463793987,0.05399895838262605,0.044598616662666735,0.025068130407352916,-0.01953048625531382,63.0,146.0
P2P_B043,0.7,0.0012912799138575792,0.06559770353836157,0.008693097879253556,0.06430642362450399,0.0074018179653959765,-0.056904605659108015,12.0,24.0
P2P_B043,0.7,0.03722330182790756,0.08135385437046734,0.05029667318917938,0.04413055254255978,0.013073371361271818,-0.03105718118128796,87.0,104.0
P2P_B043,0.7,0.06713336706161499,0.0701194652179469,0.08621886098237543,0.0029860981563319122,0.019085493920760435,0.016099395764428523,198.0,263.0
P2P_B043,0.7,2.1095147531013936e-05,0.051184634931631,0.0089078992842712,0.05116353978409999,0.008886804136740187,-0.0422767356473598,5.0,69.0
P2P_B043,0.9,0.03456263616681099,0.21641474969760183,0.034604452210183025,0.18185211353079084,4.1816043372035205e-05,-0.1818102974874188,11.0,10.0
P2P_B043,0.9,0.014085429720580578,0.22575934072349318,0.038089074566842865,0.2116739110029126,0.024003644846262287,-0.18767026615665033,4.0,7.0
P2P_B043,0.9,0.1246507316827774,0.2203857673400606,0.20236731024478355,0.0957350356572832,0.07771657856200614,-0.018018457095277052,72.0,149.0
P2P_B043,0.9,0.09474043548107147,0.21900577869573484,0.1240938148330418,0.12426534321466337,0.029353379351970327,-0.09491196386269304,39.0,53.0
P2P_B043,0.9,0.07389949262142181,0.21336957855928565,0.16637359512869962,0.13947008593786384,0.0924741025072778,-0.04699598343058603,27.0,106.0
P2P_B043,0.9,0.11675471067428589,0.21675612137337544,0.16077738701047947,0.10000141069908955,0.044022676336193584,-0.055978734362895965,61.0,92.0
P2P_B043,0.9,0.11487854272127151,0.20597261087674174,0.19302928116206666,0.09109406815547022,0.07815073844079515,-0.012943329714675073,59.0,158.0
P2P_B043,0.9,0.047465529292821884,0.20030158480844598,0.09848746056490021,0.1528360555156241,0.051021931272078325,-0.10181412424354577,17.0,43.0
P2P_B044,0.1,0.0002443940320517868,-0.0007273526732691632,0.005369937361799096,0.00097174670532095,0.005125543329747309,0.006097290035068259,43.0,294.0
P2P_B044,0.1,0.0013070672284811735,0.012834057069181407,0.006972525348798664,0.011526989840700233,0.00566545812031749,-0.005861531720382743,96.0,86.0
P2P_B044,0.1,0.0015625114319846034,0.00725172905462497,0.0055911103379085655,0.005689217622640366,0.004028598905923962,-0.001660618716716404,109.0,160.0
P2P_B044,0.1,0.010006432421505451,0.02385553826138738,0.013431232985508391,0.013849105839881928,0.0034248005640029403,-0.010424305275878988,351.0,49.0
P2P_B044,0.1,0.004703484941273928,0.006171577499543036,-0.00398975361822064,0.0014680925582691087,0.008693238559494568,-0.010161331117763676,248.0,52.0
P2P_B044,0.1,0.002113001188263297,0.005751840484601013,0.007304185178183972,0.003638839296337716,0.005191183989920675,0.001552344693582959,134.0,220.0
P2P_B044,0.1,0.0035363107454031706,0.003507184447593209,0.011003096257187046,2.9126297809961565e-05,0.007466785511783876,0.007495911809593837,199.0,312.0
P2P_B044,0.1,0.0027967242058366537,0.010287203002743363,0.009988576033553367,0.007490478796906709,0.007191851827716714,-0.00029862696918999537,157.0,186.0
P2P_B044,0.3,0.006707125809043646,0.01742835254697546,0.008500701248485634,0.010721226737931813,0.0017935754394419884,-0.008927651298489825,170.0,66.0
P2P_B044,0.3,0.012896311469376087,0.028317701182902145,0.02027422138905509,0.015421389713526058,0.0073779099196790016,-0.008043479793847057,273.0,79.0
P2P_B044,0.3,0.003914305940270424,0.01493988319296942,0.008108260018210266,0.011025577252698995,0.004193954077939842,-0.0068316231747591535,111.0,99.0
P2P_B044,0.3,0.013494024984538555,0.01815463752472036,0.014101443648737035,0.0046606125401818035,0.0006074186641984794,-0.004053193875983324,279.0,142.0
P2P_B044,0.3,0.00872459914535284,0.0075651571248561075,0.0102417909832039,0.001159442020496733,0.0015171918378510604,0.0026766338583477933,207.0,241.0
P2P_B044,0.3,0.01108538918197155,0.029790520545799767,0.021703998153643454,0.018705131363828217,0.010618608971671904,-0.008086522392156313,249.0,78.0
P2P_B044,0.3,0.003310646628960967,0.004936973644758903,0.011433697822326616,0.0016263270157979362,0.008123051193365649,0.006496724177567713,101.0,295.0
P2P_B044,0.3,0.008519810624420643,0.01736218171490645,0.010781977990109506,0.008842371090485808,0.0022621673656888636,-0.006580203724796944,200.0,104.0
P2P_B044,0.5,0.020888322964310646,0.029146393244622114,0.017920412559701372,0.008258070280311468,0.002967910404609274,-0.011225980684920742,166.0,128.0
P2P_B044,0.5,0.04715487360954285,0.04615691861956793,0.06102028931400328,0.0009979549899749168,0.013865415704460433,0.01486337069443535,306.0,307.0
P2P_B044,0.5,0.04296384006738663,0.03683698981058543,0.04435655641801216,0.0061268502568011945,0.0013927163506255308,0.007519566607426725,287.0,271.0
P2P_B044,0.5,0.03159407153725624,0.027602991332175274,0.0406404360079254,0.003991080205080967,0.009046364470669158,0.013037444675750125,232.0,301.0
P2P_B044,0.5,0.029973212629556656,0.026484452487578122,0.03273213620885964,0.0034887601419785336,0.002758923579302984,0.0062476837212815176,221.0,269.0
P2P_B044,0.5,0.014692727476358414,0.01818571169476406,0.00991756247361715,0.0034929842184056453,0.004775165002741263,-0.008268149221146909,116.0,157.0
P2P_B044,0.5,0.05032726377248764,0.032117412568678956,0.05002923086453293,0.018209851203808684,0.0002980329079547081,0.017911818295853976,317.0,318.0
P2P_B044,0.5,0.0212690532207489,0.03313776536114602,0.024381460907895475,0.011868712140397121,0.0031124076871465733,-0.008756304453250548,172.0,152.0
P2P_B044,0.7,0.08585430681705475,0.05820401780477368,0.09046501184569049,0.027650289012281067,0.004610705028635739,0.032260994040916806,246.0,299.0
P2P_B044,0.7,0.0705302432179451,0.08776646046612319,0.0686275005606837,0.017236217248178087,0.001902742657261397,-0.019138959905439484,210.0,149.0
P2P_B044,0.7,0.020958729088306427,0.06992998908687197,0.0395059830940184,0.04897125999856554,0.01854725400571197,-0.030424005992853567,43.0,108.0
P2P_B044,0.7,0.050256095826625824,0.06817813763671492,0.06010705672507941,0.017922041810089093,0.009850960898453588,-0.008071080911635505,141.0,188.0
P2P_B044,0.7,0.041469648480415344,0.06207875301926956,0.050066373745865526,0.020609104538854214,0.008596725265450182,-0.012012379273404032,108.0,176.0
P2P_B044,0.7,0.048018135130405426,0.08979748196304936,0.07184114854891548,0.041779346832643935,0.02382301341851005,-0.017956333414133885,135.0,152.0
P2P_B044,0.7,0.13560450077056885,0.09285256642259021,0.18423351477750868,0.04275193434797864,0.048629014006939836,0.09138094835491847,335.0,372.0
P2P_B044,0.7,0.049025751650333405,0.07538507853479175,0.057956190632115996,0.026359326884458342,0.008930438981782592,-0.01742888790267575,138.0,158.0
P2P_B044,0.9,0.20355647802352905,0.2075314971026172,0.2760466577257341,0.003975019079088149,0.07249017970220506,0.06851516062311691,187.0,309.0
P2P_B044,0.9,0.06769715249538422,0.23565026795533078,0.07683405068591118,0.16795311545994657,0.00913689819052696,-0.1588162172694196,25.0,17.0
P2P_B044,0.9,0.3221527338027954,0.21820604236707003,0.3128732338718053,0.10394669143572538,0.009279499930990087,0.09466719150473529,332.0,336.0
P2P_B044,0.9,0.17597495019435883,0.21938177232924705,0.18090687991549595,0.04340682213488822,0.004931929721137124,-0.0384748924137511,139.0,113.0
P2P_B044,0.9,0.2206861823797226,0.2241793362055628,0.28091690005832975,0.0034931538258402006,0.06023071767860716,0.05673756385276696,212.0,285.0
P2P_B044,0.9,0.15931245684623718,0.22169288023689543,0.1743111481649734,0.062380423390658246,0.014998691318736213,-0.047381732071922034,115.0,105.0
P2P_B044,0.9,0.23950693011283875,0.20652221993322833,0.2833309029451314,0.03298471017961041,0.04382397283229267,0.07680868301190308,239.0,319.0
P2P_B044,0.9,0.20588958263397217,0.21351594710644073,0.23382741113707184,0.007626364472468561,0.02793782850309967,0.02031146403063111,190.0,227.0
P2P_B045,0.1,0.008149594068527222,-0.0037946068150917084,-0.007092627879108471,0.01194420088361893,0.015242221947635692,-0.0032980210640167623,326.0,125.0
P2P_B045,0.1,0.0067965565249323845,-0.002506066755131542,0.002514621354123489,0.009302623280063926,0.004281935170808895,0.005020688109255031,299.0,280.0
P2P_B045,0.1,0.006433304399251938,-0.0018340612790941069,4.620554275548694e-05,0.008267365678346045,0.006387098856496451,0.0018802668218495938,295.0,231.0
P2P_B045,0.1,0.004640569444745779,0.004450517962338689,0.005447639773478584,0.00019005148240709008,0.0008070703287328049,0.000997121811139895,246.0,208.0
P2P_B045,0.1,0.00856785662472248,0.019449760662797494,0.010409226335072602,0.010881904038075013,0.0018413697103501214,-0.009040534327724892,331.0,62.0
P2P_B045,0.1,0.004623758606612682,0.005948096365296897,0.0027262952633018145,0.0013243377586842145,0.0018974633433108679,-0.0032218011019950824,243.0,128.0
P2P_B045,0.1,0.006081553176045418,0.009434522212289687,0.010433346481358817,0.003352969036244269,0.004351793305313399,0.0009988242690691304,290.0,209.0
P2P_B045,0.1,0.005705387331545353,0.011557615479895325,0.006534645410015492,0.005852228148349972,0.0008292580784701395,-0.005022970069879833,279.0,96.0
P2P_B045,0.3,0.007451076526194811,0.017962758208086356,0.0038636327361774164,0.010511681681891545,0.0035874437900173944,-0.01409912547190894,184.0,24.0
P2P_B045,0.3,0.011108435690402985,0.015593772664374297,0.003029929405453921,0.004485336973971313,0.008078506284949064,-0.012563843258920376,250.0,35.0
P2P_B045,0.3,0.010676405392587185,0.014698339526821716,0.016115958293422945,0.004021934134234531,0.00543955290083576,0.0014176187666012294,245.0,221.0
P2P_B045,0.3,0.012750132009387016,0.0257790550320718,0.012276023808067936,0.013028923022684782,0.0004741082013190803,-0.013503031224003863,270.0,26.0
P2P_B045,0.3,0.00944574549794197,0.014083182206272263,-0.004148305433585547,0.004637436708330292,0.013594050931527518,-0.01823148763985781,219.0,7.0
P2P_B045,0.3,0.010688811540603638,0.015773619279775088,0.018267709177535334,0.00508480773917145,0.007578897636931696,0.002494089897760246,246.0,240.0
P2P_B045,0.3,0.011176803149282932,0.009223771875338196,0.010768081248321966,0.0019530312739447359,0.00040872190096096633,0.0015443093729837695,254.0,224.0
P2P_B045,0.3,0.015680652111768723,0.028028396498361287,0.0197352082788105,0.012347744386592564,0.004054556167041777,-0.008293188219550787,303.0,75.0
P2P_B045,0.5,0.007462147157639265,0.04154565653760153,0.011946534177340325,0.03408350937996227,0.00448438701970106,-0.02959912236026121,65.0,4.0
P2P_B045,0.5,0.045781657099723816,0.02246834501797368,0.03306223052931001,0.023313312081750137,0.012719426570413805,0.010593885511336332,300.0,284.0
P2P_B045,0.5,0.02921885997056961,0.020492176494880915,0.009182187783500967,0.008726683475688696,0.020036672187068644,-0.011309988711379948,214.0,127.0
P2P_B045,0.5,0.020766286179423332,0.03832183031729321,0.015170681659525474,0.017555544137869875,0.005595604519897858,-0.023151148657767733,163.0,28.0
P2P_B045,0.5,0.012979171238839626,0.01932310989884449,0.011078035655339283,0.006343938660004864,0.0019011355835003435,-0.008245074243505207,99.0,159.0
P2P_B045,0.5,0.01992330700159073,0.04188615660315578,0.0215042500101501,0.021962849601565054,0.0015809430085593698,-0.020381906593005684,156.0,43.0
P2P_B045,0.5,0.0193478986620903,0.026830169809429448,0.0166421270210032,0.0074822711473391465,0.0027057716410871027,-0.01018804278842625,153.0,138.0
P2P_B045,0.5,0.01459229364991188,0.03395103086491916,0.01822747468092705,0.019358737215007277,0.003635181031015171,-0.015723556183992106,113.0,77.0
P2P_B045,0.7,0.08757121860980988,0.08245414563501137,0.08350951159569736,0.005117072974798506,0.0040617070141125144,0.0010553659606859916,249.0,220.0
P2P_B045,0.7,0.1608479619026184,0.06512936545670094,0.15569599768136344,0.09571859644591747,0.005151964221254968,0.0905666322246625,358.0,371.0
P2P_B045,0.7,0.1178504228591919,0.07267369143446412,0.1154959161800493,0.04517673142472778,0.0023545066791425956,0.04282222474558518,309.0,322.0
P2P_B045,0.7,0.1503048837184906,0.08076333878779908,0.13438394502235917,0.06954154493069152,0.015920938696131426,0.053620606234560095,351.0,335.0
P2P_B045,0.7,0.1480826437473297,0.07165904311251714,0.13458308351840054,0.07642360063481257,0.013499560228929175,0.0629240404058834,349.0,351.0
P2P_B045,0.7,0.06898464262485504,0.06056059296861629,0.040205643537873294,0.008424049656238754,0.028778999086981748,-0.020354949430742994,200.0,140.0
P2P_B045,0.7,0.03276663273572922,0.08268502669978817,0.022226699676327698,0.04991839396405895,0.01053993305940152,-0.06045832702346047,72.0,14.0
P2P_B045,0.7,0.11746536940336227,0.07087109596411485,0.114523779011728,0.04659427343924742,0.0029415903916342745,0.04365268304761315,306.0,324.0
P2P_B045,0.9,0.27118706703186035,0.22754543438721336,0.2957331014594863,0.04364163264464699,0.02454603442762593,0.06818766707227292,283.0,308.0
P2P_B045,0.9,0.08617448806762695,0.22792862754357068,0.061480786215209436,0.14175413947594373,0.024693701852417517,-0.16644784132836124,33.0,16.0
P2P_B045,0.9,0.2677816152572632,0.2197546578428295,0.2283805512974888,0.04802695741443369,0.039401063959774385,0.008625893454659306,281.0,207.0
P2P_B045,0.9,0.3120589554309845,0.23171766713186753,0.287011643888462,0.08034128829911696,0.025047311542522488,0.055293976756594476,324.0,282.0
P2P_B045,0.9,0.25238892436027527,0.21678886329029678,0.2639291322103298,0.035600061069978484,0.011540207850054551,0.047140268920033035,254.0,267.0
P2P_B045,0.9,0.322328120470047,0.2175996320662429,0.3074158087266847,0.10472848840380411,0.014912311743362272,0.08981617666044184,333.0,332.0
P2P_B045,0.9,0.1056332141160965,0.21114756497560494,0.06390176303998785,0.10551435085950844,0.04173145107610865,-0.1472458019356171,51.0,26.0
P2P_B045,0.9,0.2248101830482483,0.22820678376576897,0.23330195905296708,0.0033966007175206814,0.008491776004718787,0.005095175287198106,216.0,197.0
P2P_B046,0.1,0.005983359646052122,0.004554403412628902,0.00503138878776694,0.0014289562334232203,0.0009519708582851824,0.0004769853751380379,287.0,195.0
P2P_B046,0.1,0.008892426267266273,0.0235540658764105,0.0042259961978136085,0.014661639609144225,0.004666430069452665,-0.01932806967859689,334.0,11.0
P2P_B046,0.1,0.004107450135052204,0.007793021161464707,0.0051053127667124235,0.0036855710264125027,0.0009978626316602193,-0.0026877083947522834,219.0,137.0
P2P_B046,0.1,0.0028931505512446165,0.006021207413258921,0.00528890632396236,0.0031280568620143043,0.0023957557727177434,-0.0007323010892965609,163.0,178.0
P2P_B046,0.1,0.005436337552964687,0.0013001357017486809,0.00015775301441169065,0.0041362018512160065,0.005278584538552997,-0.0011423826873369902,270.0,173.0
P2P_B046,0.1,0.010042262263596058,0.014413197172608506,0.009431832268539872,0.004370934909012449,0.0006104299950561859,-0.0049813649040686345,352.0,98.0
P2P_B046,0.1,0.0033335606567561626,-0.0008934152491991559,0.0035839948137543626,0.004226975905955319,0.00025043415699819993,0.0044774100629535185,189.0,271.0
P2P_B046,0.1,0.005792451091110706,0.010102442861573115,0.005310044727582966,0.004309991770462408,0.00048240636352774036,-0.004792398133990149,282.0,102.0
P2P_B046,0.3,0.023391885682940483,0.010205859988281968,0.028539120938003065,0.013186025694658515,0.005147235255062582,0.018333260949721097,351.0,364.0
P2P_B046,0.3,0.012477438896894455,0.021899391409621806,0.01800572042806567,0.009421952512727351,0.005528281531171214,-0.003893670981556137,267.0,148.0
P2P_B046,0.3,0.01468714326620102,0.008317747024612465,0.01134533919071011,0.006369396241588554,0.003341804075490909,0.003027592166097645,289.0,246.0
P2P_B046,0.3,0.010222531855106354,0.002197176522679048,0.007106487237796062,0.008025355332427306,0.0031160446173102915,0.004909310715117014,235.0,267.0
P2P_B046,0.3,0.01916690729558468,0.01747554995404775,0.009995026739925798,0.0016913573415369282,0.00917188055565888,-0.007480523214121952,326.0,91.0
P2P_B046,0.3,0.014043828472495079,0.0027273368983760787,0.008187562937555383,0.011316491574119,0.005856265534939696,0.005460226039179304,286.0,281.0
P2P_B046,0.3,0.004958200268447399,0.015514317059778425,0.010338826693525517,0.010556116791331026,0.005380626425078118,-0.005175490366252908,138.0,121.0
P2P_B046,0.3,0.004266771487891674,0.0127598838858613,-0.002071098964744264,0.008493112397969627,0.006337870452635938,-0.014830982850605565,121.0,19.0
P2P_B046,0.5,0.0013079382479190826,0.020995453792979443,0.008166639715230503,0.01968751554506036,0.0068587014673114205,-0.01282881407774894,27.0,115.0
P2P_B046,0.5,0.037745509296655655,0.034881607873541345,0.036300609242170906,0.0028639014231143095,0.001444900054484749,0.0014190013686295605,266.0,241.0
P2P_B046,0.5,0.008993824012577534,0.03233881467617241,0.017013187089794907,0.023344990663594876,0.008019363077217373,-0.015325627586377503,74.0,85.0
P2P_B046,0.5,0.007603297010064125,0.029745255071141542,0.008983400505281007,0.022141958061077417,0.001380103495216882,-0.020761854565860535,67.0,42.0
P2P_B046,0.5,0.03941377252340317,0.0458520136631734,0.03191080017443018,0.006438241139770234,0.007502972348972986,-0.01394121348874322,273.0,106.0
P2P_B046,0.5,0.03836333751678467,0.03245518028633541,0.05384808148171552,0.005908157230449261,0.015484743964930853,0.021392901195380114,268.0,331.0
P2P_B046,0.5,0.011657500639557838,0.025201579060921124,0.015187260229390175,0.013544078421363286,0.003529759589832336,-0.01001431883153095,91.0,140.0
P2P_B046,0.5,0.03895211219787598,0.03280248703930679,0.02992291195133826,0.006149625158569184,0.009029200246537715,-0.0028795750879685306,270.0,204.0
P2P_B046,0.7,0.06400750577449799,0.08061407760892966,0.052878043490727056,0.016606571834431677,0.01112946228377093,-0.027736034118202607,193.0,113.0
P2P_B046,0.7,0.059750985354185104,0.07692930196442453,0.07886179423197787,0.017178316610239427,0.019110808877792762,0.0019324922675533346,174.0,223.0
P2P_B046,0.7,0.05903991684317589,0.07791228296001672,0.08010466539185758,0.01887236611684083,0.02106474854868169,0.0021923824318408613,172.0,224.0
P2P_B046,0.7,0.06228373199701309,0.06653290642696105,0.06895815604667203,0.004249174429947961,0.006674424049658942,0.0024252496197109813,185.0,225.0
P2P_B046,0.7,0.035945430397987366,0.09403915457632972,0.04578646969870597,0.058093724178342354,0.009841039300718606,-0.04825268487762375,82.0,50.0
P2P_B046,0.7,0.08028072863817215,0.09000864082366195,0.11993724176283524,0.009727912185489795,0.03965651312466309,0.029928600939173294,232.0,293.0
P2P_B046,0.7,0.014096733182668686,0.07295480525072122,0.004660151323482381,0.05885807206805253,0.009436581859186305,-0.06829465392723884,36.0,4.0
P2P_B046,0.7,0.06224199756979942,0.07308132076243123,0.06925966231831758,0.010839323192631811,0.007017664748518157,-0.003821658444113654,184.0,202.0
P2P_B046,0.9,0.16680042445659637,0.2024149213715915,0.19736314298350432,0.03561449691499513,0.03056271852690795,-0.00505177838808718,126.0,180.0
P2P_B046,0.9,0.20196875929832458,0.2205446977192258,0.19309096226150224,0.018575938420901217,0.008877797036822344,-0.02745373545772356,183.0,132.0
P2P_B046,0.9,0.3108547031879425,0.2225517683071468,0.29478538332531035,0.08830293488079571,0.01606931986263216,0.07223361501816356,323.0,311.0
P2P_B046,0.9,0.20175814628601074,0.2146599651011563,0.1975447929624764,0.012901818815145571,0.004213353323534341,-0.017115172138679913,182.0,152.0
P2P_B046,0.9,0.2602778673171997,0.23673485103736475,0.27861454690652815,0.02354301627983496,0.018336679589328442,0.0418796958691634,267.0,256.0
P2P_B046,0.9,0.2629416584968567,0.21203352657727492,0.2580757650114969,0.05090813191958177,0.004865893485359762,0.046042238434222005,270.0,265.0
P2P_B046,0.9,0.2165285050868988,0.19654332753343506,0.17886831558838298,0.01998517755346374,0.03766018949851582,-0.017675011945052083,206.0,150.0
P2P_B046,0.9,0.20249402523040771,0.21204879086567047,0.24639393271484739,0.009554765635262752,0.04389990748443967,0.03434514184917692,184.0,246.0
P2P_B047,0.1,9.995793516281992e-05,-0.001555653060320225,-0.0032492341627965715,0.001655610995483045,0.0033491920979593914,-0.0016935811024763464,24.0,158.0
P2P_B047,0.1,0.00035179502447135746,0.005930779964818528,0.006213743175536031,0.00557898494034717,0.005861948151064673,0.00028296321071750313,54.0,191.0
P2P_B047,0.1,0.0007277432014234364,-0.0109104777602166,0.0023352866730893262,0.011638220961640036,0.0016075434716658898,0.013245764433305926,69.0,358.0
P2P_B047,0.1,0.0008835035841912031,-0.006080170286521858,0.0017100054537675935,0.006963673870713061,0.0008265018695763904,0.007790175740289451,76.0,313.0
P2P_B047,0.1,0.00017381153884343803,-0.00044000100958725696,0.005581429600381375,0.000613812548430695,0.005407618061537937,0.006021430609968632,34.0,293.0
P2P_B047,0.1,0.00010064816160593182,-0.014412025455194655,-0.0010737070487783218,0.014512673616800587,0.0011743552103842536,0.013338318406416333,25.0,359.5
P2P_B047,0.1,0.0076331207528710365,0.02810000926445782,0.010034407533392728,0.020466888511586782,0.0024012867805216914,-0.01806560173106509,316.0,14.0
P2P_B047,0.1,3.282128454884514e-05,-0.014412025455194655,-0.0010737070487783218,0.0144448467397435,0.001106528333327167,0.013338318406416333,15.0,359.5
P2P_B047,0.3,0.0018273286987096071,0.003114347563649894,0.0029239517818082927,0.001287018864940287,0.0010966230830986856,-0.00019039578184160133,69.0,205.0
P2P_B047,0.3,0.007725672796368599,0.0135304104514637,0.012291343878606593,0.0058047376550951005,0.0045656710822379945,-0.001239066572857106,188.0,192.0
P2P_B047,0.3,0.0014939999673515558,0.02349701244051334,0.02476075765250413,0.022003012473161783,0.023266757685152573,0.0012637452119907897,59.0,219.0
P2P_B047,0.3,0.01859494298696518,0.023154848493094078,0.029669567269169153,0.004559905506128899,0.011074624282203974,0.006514718776075075,320.0,296.0
P2P_B047,0.3,0.0004745551850646734,0.008876106432771216,0.004490840060450002,0.008401551247706543,0.004016284875385329,-0.004385266372321214,35.0,136.0
P2P_B047,0.3,3.132070924038999e-05,-0.006731773311595482,0.0010321408575799662,0.006763094020835872,0.0010008201483395762,0.007763914169175448,18.0,310.0
P2P_B047,0.3,0.00047413588617928326,-0.00434642591050334,0.0008682731304414798,0.004820561796682624,0.00039413724426219654,0.00521469904094482,34.0,275.0
P2P_B047,0.3,0.0015274783363565803,0.007472535529267077,0.019518767027046427,0.005945057192910497,0.017991288690689847,0.01204623149777935,62.0,343.0
P2P_B047,0.5,0.005334504414349794,0.038543094465139024,0.03913193737800622,0.03320859005078923,0.03379743296365643,0.0005888429128671976,52.0,231.0
P2P_B047,0.5,0.015979541465640068,0.024223874907259454,0.05107961326446707,0.008244333441619386,0.035100071798827,0.026855738357207615,129.0,346.0
P2P_B047,0.5,0.0034726278390735388,0.027083286128191657,0.011973511755472059,0.023610658289118118,0.00850088391639852,-0.015109774372719598,42.0,92.0
P2P_B047,0.5,0.047753337770700455,0.025191901096106993,0.018201480218799526,0.02256143667459346,0.02955185755190093,-0.006990420877307467,307.0,171.0
P2P_B047,0.5,0.002240739995613694,0.02013044980831568,0.01332338162905896,0.017889709812701986,0.011082641633445266,-0.00680706817925672,35.0,174.0
P2P_B047,0.5,0.017861636355519295,0.01976561123887398,0.024349577311890372,0.0019039748833546838,0.006487940956371077,0.004583966073016393,143.0,259.0
P2P_B047,0.5,0.001649224665015936,0.0344163814749103,0.03139842180047654,0.032767156809894366,0.029749197135460606,-0.0030179596744337595,32.0,203.0
P2P_B047,0.5,0.009050458669662476,0.030240550795871526,0.0020111748411095892,0.02119009212620905,0.007039283828552886,-0.028229375954761937,76.0,8.0
P2P_B047,0.7,0.039660412818193436,0.07070908120041555,0.07146948931073145,0.031048668382222117,0.031809076492538016,0.0007604081103158994,98.0,217.0
P2P_B047,0.7,0.024518771097064018,0.08657054776866377,0.041220828647385625,0.06205177667159975,0.016702057550321607,-0.045349719121278144,52.0,60.0
P2P_B047,0.7,0.058234453201293945,0.07716785586453483,0.05680170360788202,0.01893340266324088,0.0014327495934119278,-0.02036615225665281,171.0,139.0
P2P_B047,0.7,0.04196418821811676,0.07037508083575363,0.046796675591961975,0.028410892617636865,0.004832487373845215,-0.02357840524379165,115.0,129.0
P2P_B047,0.7,0.038364801555871964,0.05994229365149045,0.03710006790479021,0.02157749209561849,0.001264733651081755,-0.022842225746700244,94.0,131.0
P2P_B047,0.7,0.060755401849746704,0.07373146290958363,0.07319170008931591,0.012976061059836924,0.01243629823956921,-0.000539762820267714,177.0,213.0
P2P_B047,0.7,0.003560120239853859,0.07161077207592578,0.01982863414206542,0.06805065183607192,0.01626851390221156,-0.05178213793386036,17.0,38.0
P2P_B047,0.7,0.06700310856103897,0.06999170717981229,0.08289638463622762,0.0029885986187733193,0.015893276075188645,0.012904677456415325,197.0,254.0
P2P_B047,0.9,0.15811070799827576,0.21018236734179596,0.18384197430448032,0.052071659343520205,0.025731266306204564,-0.02634039303731564,111.0,135.0
P2P_B047,0.9,0.07621728628873825,0.21351344541381995,0.1014527452781051,0.1372961591250817,0.025235458989366855,-0.11206070013571484,29.0,36.0
P2P_B047,0.9,0.08869863301515579,0.20919945194764764,0.08602563402075109,0.12050081893249184,0.0026729989944047072,-0.12317381792689655,35.0,32.0
P2P_B047,0.9,0.09262344986200333,0.2227745328670078,0.123560807365825,0.13015108300500447,0.030937357503821677,-0.09921372550118279,38.0,46.0
P2P_B047,0.9,0.11785899102687836,0.22504685195410026,0.21020300638845638,0.1071878609272219,0.09234401536157802,-0.014843845565643887,64.0,157.0
P2P_B047,0.9,0.14874808490276337,0.2351271023789827,0.16023134189895963,0.08637901747621934,0.011483256996196262,-0.07489576048002308,100.0,69.0
P2P_B047,0.9,0.10250740498304367,0.20261063661919373,0.09350551804308711,0.10010323163615006,0.009001886939956558,-0.10910511857610662,46.0,37.0
P2P_B047,0.9,0.11164817214012146,0.2089201384652841,0.13452861771033608,0.09727196632516263,0.022880445570214625,-0.07439152075494801,56.0,70.0
